timestamp_us,local_timestamp_us,exchange,market_id,slug,asset_id,outcome,bid_price,bid_size,ask_price,ask_size
1772237303530000,1772237303539301,polymarket,0x62c3a01373b62d830717d5fedf3289662ea3971f3b1a6ab7c6aeef019b92debd,btc-updown-5m-1772323200,81715960876792788422527758885904722229420166075410575388978430362938033123768,Down,0.49,50.47,0.5,100.93
1772237303535000,1772237303543305,polymarket,0x62c3a01373b62d830717d5fedf3289662ea3971f3b1a6ab7c6aeef019b92debd,btc-updown-5m-1772323200,81715960876792788422527758885904722229420166075410575388978430362938033123768,Down,0.49,100.93,0.5,100.93
1772237303544000,1772237303554555,polymarket,0x62c3a01373b62d830717d5fedf3289662ea3971f3b1a6ab7c6aeef019b92debd,btc-updown-5m-1772323200,81715960876792788422527758885904722229420166075410575388978430362938033123768,Down,0.49,119.93,0.5,100.93
1772237303545000,1772237303556075,polymarket,0x62c3a01373b62d830717d5fedf3289662ea3971f3b1a6ab7c6aeef019b92debd,btc-updown-5m-1772323200,81715960876792788422527758885904722229420166075410575388978430362938033123768,Down,0.49,147.93,0.5,100.93
1772237303558000,1772237303568320,polymarket,0x62c3a01373b62d830717d5fedf3289662ea3971f3b1a6ab7c6aeef019b92debd,btc-updown-5m-1772323200,81715960876792788422527758885904722229420166075410575388978430362938033123768,Down,0.49,147.93,0.5,151.38
1772237303561000,1772237303569853,polymarket,0x62c3a01373b62d830717d5fedf3289662ea3971f3b1a6ab7c6aeef019b92debd,btc-updown-5m-1772323200,81715960876792788422527758885904722229420166075410575388978430362938033123768,Down,0.49,198.38,0.5,151.38
1772237303562000,1772237303570232,polymarket,0x62c3a01373b62d830717d5fedf3289662ea3971f3b1a6ab7c6aeef019b92debd,btc-updown-5m-1772323200,81715960876792788422527758885904722229420166075410575388978430362938033123768,Down,0.49,208.38,0.5,151.38
1772237303572000,1772237303579570,polymarket,0x62c3a01373b62d830717d5fedf3289662ea3971f3b1a6ab7c6aeef019b92debd,btc-updown-5m-1772323200,81715960876792788422527758885904722229420166075410575388978430362938033123768,Down,0.49,208.38,0.5,201.81
1772237303575000,1772237303583344,polymarket,0x62c3a01373b62d830717d5fedf3289662ea3971f3b1a6ab7c6aeef019b92debd,btc-updown-5m-1772323200,81715960876792788422527758885904722229420166075410575388978430362938033123768,Down,0.49,208.38,0.5,252.25
1772237303576000,1772237303583503,polymarket,0x62c3a01373b62d830717d5fedf3289662ea3971f3b1a6ab7c6aeef019b92debd,btc-updown-5m-1772323200,81715960876792788422527758885904722229420166075410575388978430362938033123768,Down,0.49,208.38,0.5,302.67
1772237303577000,1772237303585099,polymarket,0x62c3a01373b62d830717d5fedf3289662ea3971f3b1a6ab7c6aeef019b92debd,btc-updown-5m-1772323200,81715960876792788422527758885904722229420166075410575388978430362938033123768,Down,0.49,258.82,0.5,302.67
1772237303580000,1772237303590848,polymarket,0x62c3a01373b62d830717d5fedf3289662ea3971f3b1a6ab7c6aeef019b92debd,btc-updown-5m-1772323200,81715960876792788422527758885904722229420166075410575388978430362938033123768,Down,0.49,309.25,0.5,302.67
1772237303590000,1772237303597736,polymarket,0x62c3a01373b62d830717d5fedf3289662ea3971f3b1a6ab7c6aeef019b92debd,btc-updown-5m-1772323200,81715960876792788422527758885904722229420166075410575388978430362938033123768,Down,0.49,359.67,0.5,302.67
1772237303593000,1772237303603779,polymarket,0x62c3a01373b62d830717d5fedf3289662ea3971f3b1a6ab7c6aeef019b92debd,btc-updown-5m-1772323200,81715960876792788422527758885904722229420166075410575388978430362938033123768,Down,0.49,410.08,0.5,302.67
1772237303594000,1772237303603795,polymarket,0x62c3a01373b62d830717d5fedf3289662ea3971f3b1a6ab7c6aeef019b92debd,btc-updown-5m-1772323200,81715960876792788422527758885904722229420166075410575388978430362938033123768,Down,0.49,410.08,0.5,353.08
1772237303603000,1772237303619195,polymarket,0x62c3a01373b62d830717d5fedf3289662ea3971f3b1a6ab7c6aeef019b92debd,btc-updown-5m-1772323200,81715960876792788422527758885904722229420166075410575388978430362938033123768,Down,0.49,450.08,0.5,353.08
1772237303609000,1772237303619583,polymarket,0x62c3a01373b62d830717d5fedf3289662ea3971f3b1a6ab7c6aeef019b92debd,btc-updown-5m-1772323200,81715960876792788422527758885904722229420166075410575388978430362938033123768,Down,0.49,475.08,0.5,353.08
1772237303613000,1772237303623749,polymarket,0x62c3a01373b62d830717d5fedf3289662ea3971f3b1a6ab7c6aeef019b92debd,btc-updown-5m-1772323200,81715960876792788422527758885904722229420166075410575388978430362938033123768,Down,0.49,519.08,0.5,353.08
1772237303625000,1772237303637172,polymarket,0x62c3a01373b62d830717d5fedf3289662ea3971f3b1a6ab7c6aeef019b92debd,btc-updown-5m-1772323200,81715960876792788422527758885904722229420166075410575388978430362938033123768,Down,0.49,519.08,0.5,403.47
1772237303626000,1772237303637181,polymarket,0x62c3a01373b62d830717d5fedf3289662ea3971f3b1a6ab7c6aeef019b92debd,btc-updown-5m-1772323200,81715960876792788422527758885904722229420166075410575388978430362938033123768,Down,0.49,569.47,0.5,403.47
1772237303630000,1772237303637606,polymarket,0x62c3a01373b62d830717d5fedf3289662ea3971f3b1a6ab7c6aeef019b92debd,btc-updown-5m-1772323200,81715960876792788422527758885904722229420166075410575388978430362938033123768,Down,0.49,569.47,0.5,453.85
1772237303816000,1772237303823992,polymarket,0x62c3a01373b62d830717d5fedf3289662ea3971f3b1a6ab7c6aeef019b92debd,btc-updown-5m-1772323200,81715960876792788422527758885904722229420166075410575388978430362938033123768,Down,0.49,1069.47,0.5,453.85
1772237303941000,1772237303949485,polymarket,0x62c3a01373b62d830717d5fedf3289662ea3971f3b1a6ab7c6aeef019b92debd,btc-updown-5m-1772323200,81715960876792788422527758885904722229420166075410575388978430362938033123768,Down,0.49,1074.47,0.5,453.85
1772237303947000,1772237303955382,polymarket,0x62c3a01373b62d830717d5fedf3289662ea3971f3b1a6ab7c6aeef019b92debd,btc-updown-5m-1772323200,81715960876792788422527758885904722229420166075410575388978430362938033123768,Down,0.49,1094.47,0.5,453.85
1772237308684000,1772237308692713,polymarket,0x62c3a01373b62d830717d5fedf3289662ea3971f3b1a6ab7c6aeef019b92debd,btc-updown-5m-1772323200,81715960876792788422527758885904722229420166075410575388978430362938033123768,Down,0.49,741.47,0.5,453.85
1772237308686000,1772237308693961,polymarket,0x62c3a01373b62d830717d5fedf3289662ea3971f3b1a6ab7c6aeef019b92debd,btc-updown-5m-1772323200,81715960876792788422527758885904722229420166075410575388978430362938033123768,Down,0.49,741.47,0.5,50.47
1772237626833000,1772237626841429,polymarket,0x62c3a01373b62d830717d5fedf3289662ea3971f3b1a6ab7c6aeef019b92debd,btc-updown-5m-1772323200,81715960876792788422527758885904722229420166075410575388978430362938033123768,Down,0.49,750.47,0.5,50.47
1772237678514000,1772237678522357,polymarket,0x62c3a01373b62d830717d5fedf3289662ea3971f3b1a6ab7c6aeef019b92debd,btc-updown-5m-1772323200,81715960876792788422527758885904722229420166075410575388978430362938033123768,Down,0.49,1006.47,0.5,50.47
1772237701546000,1772237701554433,polymarket,0x62c3a01373b62d830717d5fedf3289662ea3971f3b1a6ab7c6aeef019b92debd,btc-updown-5m-1772323200,81715960876792788422527758885904722229420166075410575388978430362938033123768,Down,0.49,1026.47,0.5,50.47
1772237706269000,1772237706280569,polymarket,0x62c3a01373b62d830717d5fedf3289662ea3971f3b1a6ab7c6aeef019b92debd,btc-updown-5m-1772323200,81715960876792788422527758885904722229420166075410575388978430362938033123768,Down,0.49,1021.47,0.5,50.47
1772237707778000,1772237707786408,polymarket,0x62c3a01373b62d830717d5fedf3289662ea3971f3b1a6ab7c6aeef019b92debd,btc-updown-5m-1772323200,81715960876792788422527758885904722229420166075410575388978430362938033123768,Down,0.49,1011.47,0.5,50.47
1772237709719000,1772237709727658,polymarket,0x62c3a01373b62d830717d5fedf3289662ea3971f3b1a6ab7c6aeef019b92debd,btc-updown-5m-1772323200,81715960876792788422527758885904722229420166075410575388978430362938033123768,Down,0.49,1041.47,0.5,50.47
1772237886160000,1772237886168033,polymarket,0x62c3a01373b62d830717d5fedf3289662ea3971f3b1a6ab7c6aeef019b92debd,btc-updown-5m-1772323200,81715960876792788422527758885904722229420166075410575388978430362938033123768,Down,0.49,1141.47,0.5,50.47
1772237920374000,1772237920381479,polymarket,0x62c3a01373b62d830717d5fedf3289662ea3971f3b1a6ab7c6aeef019b92debd,btc-updown-5m-1772323200,81715960876792788422527758885904722229420166075410575388978430362938033123768,Down,0.49,1146.47,0.5,50.47
1772237976610000,1772237976618341,polymarket,0x62c3a01373b62d830717d5fedf3289662ea3971f3b1a6ab7c6aeef019b92debd,btc-updown-5m-1772323200,81715960876792788422527758885904722229420166075410575388978430362938033123768,Down,0.49,1146.47,0.5,60.47
1772237992336000,1772237992347549,polymarket,0x62c3a01373b62d830717d5fedf3289662ea3971f3b1a6ab7c6aeef019b92debd,btc-updown-5m-1772323200,81715960876792788422527758885904722229420166075410575388978430362938033123768,Down,0.49,1151.47,0.5,60.47
1772238003904000,1772238003912703,polymarket,0x62c3a01373b62d830717d5fedf3289662ea3971f3b1a6ab7c6aeef019b92debd,btc-updown-5m-1772323200,81715960876792788422527758885904722229420166075410575388978430362938033123768,Down,0.49,1196.47,0.5,60.47
1772239644524000,1772239644532618,polymarket,0x62c3a01373b62d830717d5fedf3289662ea3971f3b1a6ab7c6aeef019b92debd,btc-updown-5m-1772323200,81715960876792788422527758885904722229420166075410575388978430362938033123768,Down,0.49,1196.47,0.5,65.47
1772239644627000,1772239644636450,polymarket,0x62c3a01373b62d830717d5fedf3289662ea3971f3b1a6ab7c6aeef019b92debd,btc-updown-5m-1772323200,81715960876792788422527758885904722229420166075410575388978430362938033123768,Down,0.49,1201.47,0.5,65.47
1772239647212000,1772239647220415,polymarket,0x62c3a01373b62d830717d5fedf3289662ea3971f3b1a6ab7c6aeef019b92debd,btc-updown-5m-1772323200,81715960876792788422527758885904722229420166075410575388978430362938033123768,Down,0.49,1201.47,0.5,60.47
1772239647244000,1772239647253128,polymarket,0x62c3a01373b62d830717d5fedf3289662ea3971f3b1a6ab7c6aeef019b92debd,btc-updown-5m-1772323200,81715960876792788422527758885904722229420166075410575388978430362938033123768,Down,0.49,1196.47,0.5,60.47
1772240514451000,1772240514570505,polymarket,0x62c3a01373b62d830717d5fedf3289662ea3971f3b1a6ab7c6aeef019b92debd,btc-updown-5m-1772323200,81715960876792788422527758885904722229420166075410575388978430362938033123768,Down,0.49,1196.47,0.5,65.47
1772240514592000,1772240514602167,polymarket,0x62c3a01373b62d830717d5fedf3289662ea3971f3b1a6ab7c6aeef019b92debd,btc-updown-5m-1772323200,81715960876792788422527758885904722229420166075410575388978430362938033123768,Down,0.49,1201.47,0.5,65.47
1772240828131000,1772240828168453,polymarket,0x62c3a01373b62d830717d5fedf3289662ea3971f3b1a6ab7c6aeef019b92debd,btc-updown-5m-1772323200,81715960876792788422527758885904722229420166075410575388978430362938033123768,Down,0.49,1201.47,0.5,60.47
1772240828160000,1772240828179028,polymarket,0x62c3a01373b62d830717d5fedf3289662ea3971f3b1a6ab7c6aeef019b92debd,btc-updown-5m-1772323200,81715960876792788422527758885904722229420166075410575388978430362938033123768,Down,0.49,1196.47,0.5,60.47
1772240837993000,1772240838006425,polymarket,0x62c3a01373b62d830717d5fedf3289662ea3971f3b1a6ab7c6aeef019b92debd,btc-updown-5m-1772323200,81715960876792788422527758885904722229420166075410575388978430362938033123768,Down,0.49,1196.47,0.5,65.47
1772240838063000,1772240838072125,polymarket,0x62c3a01373b62d830717d5fedf3289662ea3971f3b1a6ab7c6aeef019b92debd,btc-updown-5m-1772323200,81715960876792788422527758885904722229420166075410575388978430362938033123768,Down,0.49,1201.47,0.5,65.47
1772241168428000,1772241168539730,polymarket,0x62c3a01373b62d830717d5fedf3289662ea3971f3b1a6ab7c6aeef019b92debd,btc-updown-5m-1772323200,81715960876792788422527758885904722229420166075410575388978430362938033123768,Down,0.49,1201.47,0.5,60.47
1772241168558000,1772241168570371,polymarket,0x62c3a01373b62d830717d5fedf3289662ea3971f3b1a6ab7c6aeef019b92debd,btc-updown-5m-1772323200,81715960876792788422527758885904722229420166075410575388978430362938033123768,Down,0.49,1196.47,0.5,60.47
1772241596272000,1772241596281253,polymarket,0x62c3a01373b62d830717d5fedf3289662ea3971f3b1a6ab7c6aeef019b92debd,btc-updown-5m-1772323200,81715960876792788422527758885904722229420166075410575388978430362938033123768,Down,0.49,1156.47,0.5,60.47
1772251976491000,1772251976499149,polymarket,0x62c3a01373b62d830717d5fedf3289662ea3971f3b1a6ab7c6aeef019b92debd,btc-updown-5m-1772323200,81715960876792788422527758885904722229420166075410575388978430362938033123768,Down,0.49,1186.47,0.5,60.47
1772254691953000,1772254692115347,polymarket,0x62c3a01373b62d830717d5fedf3289662ea3971f3b1a6ab7c6aeef019b92debd,btc-updown-5m-1772323200,81715960876792788422527758885904722229420166075410575388978430362938033123768,Down,0.49,1141.47,0.5,60.47
1772255286658000,1772255286831776,polymarket,0x62c3a01373b62d830717d5fedf3289662ea3971f3b1a6ab7c6aeef019b92debd,btc-updown-5m-1772323200,81715960876792788422527758885904722229420166075410575388978430362938033123768,Down,0.49,1111.47,0.5,60.47
1772256256630000,1772256256639087,polymarket,0x62c3a01373b62d830717d5fedf3289662ea3971f3b1a6ab7c6aeef019b92debd,btc-updown-5m-1772323200,81715960876792788422527758885904722229420166075410575388978430362938033123768,Down,0.49,1156.47,0.5,60.47
1772259602972000,1772259603127393,polymarket,0x62c3a01373b62d830717d5fedf3289662ea3971f3b1a6ab7c6aeef019b92debd,btc-updown-5m-1772323200,81715960876792788422527758885904722229420166075410575388978430362938033123768,Down,0.49,1163.47,0.5,60.47
1772261868448000,1772261868529351,polymarket,0x62c3a01373b62d830717d5fedf3289662ea3971f3b1a6ab7c6aeef019b92debd,btc-updown-5m-1772323200,81715960876792788422527758885904722229420166075410575388978430362938033123768,Down,0.49,1163.47,0.5,50.47
1772262747662000,1772262747673131,polymarket,0x62c3a01373b62d830717d5fedf3289662ea3971f3b1a6ab7c6aeef019b92debd,btc-updown-5m-1772323200,81715960876792788422527758885904722229420166075410575388978430362938033123768,Down,0.49,1173.47,0.5,50.47
1772263530504000,1772263530530212,polymarket,0x62c3a01373b62d830717d5fedf3289662ea3971f3b1a6ab7c6aeef019b92debd,btc-updown-5m-1772323200,81715960876792788422527758885904722229420166075410575388978430362938033123768,Down,0.49,1163.47,0.5,50.47
1772264452491000,1772264452500927,polymarket,0x62c3a01373b62d830717d5fedf3289662ea3971f3b1a6ab7c6aeef019b92debd,btc-updown-5m-1772323200,81715960876792788422527758885904722229420166075410575388978430362938033123768,Down,0.49,1173.47,0.5,50.47
1772266256787000,1772266256914672,polymarket,0x62c3a01373b62d830717d5fedf3289662ea3971f3b1a6ab7c6aeef019b92debd,btc-updown-5m-1772323200,81715960876792788422527758885904722229420166075410575388978430362938033123768,Down,0.49,1073.47,0.5,50.47
1772267123035000,1772267123044959,polymarket,0x62c3a01373b62d830717d5fedf3289662ea3971f3b1a6ab7c6aeef019b92debd,btc-updown-5m-1772323200,81715960876792788422527758885904722229420166075410575388978430362938033123768,Down,0.49,1173.47,0.5,50.47
1772272100985000,1772272101000976,polymarket,0x62c3a01373b62d830717d5fedf3289662ea3971f3b1a6ab7c6aeef019b92debd,btc-updown-5m-1772323200,81715960876792788422527758885904722229420166075410575388978430362938033123768,Down,0.49,1143.47,0.5,50.47
1772272332748000,1772272332757693,polymarket,0x62c3a01373b62d830717d5fedf3289662ea3971f3b1a6ab7c6aeef019b92debd,btc-updown-5m-1772323200,81715960876792788422527758885904722229420166075410575388978430362938033123768,Down,0.49,1183.47,0.5,50.47
1772272421675000,1772272421693924,polymarket,0x62c3a01373b62d830717d5fedf3289662ea3971f3b1a6ab7c6aeef019b92debd,btc-updown-5m-1772323200,81715960876792788422527758885904722229420166075410575388978430362938033123768,Down,0.49,1163.47,0.5,50.47
1772272480300000,1772272480312439,polymarket,0x62c3a01373b62d830717d5fedf3289662ea3971f3b1a6ab7c6aeef019b92debd,btc-updown-5m-1772323200,81715960876792788422527758885904722229420166075410575388978430362938033123768,Down,0.49,1183.47,0.5,50.47
1772280037176000,1772280037185281,polymarket,0x62c3a01373b62d830717d5fedf3289662ea3971f3b1a6ab7c6aeef019b92debd,btc-updown-5m-1772323200,81715960876792788422527758885904722229420166075410575388978430362938033123768,Down,0.49,1213.47,0.5,50.47
1772283651115000,1772283651135346,polymarket,0x62c3a01373b62d830717d5fedf3289662ea3971f3b1a6ab7c6aeef019b92debd,btc-updown-5m-1772323200,81715960876792788422527758885904722229420166075410575388978430362938033123768,Down,0.49,1203.47,0.5,50.47
1772284774567000,1772284774576558,polymarket,0x62c3a01373b62d830717d5fedf3289662ea3971f3b1a6ab7c6aeef019b92debd,btc-updown-5m-1772323200,81715960876792788422527758885904722229420166075410575388978430362938033123768,Down,0.49,1208.47,0.5,50.47
1772286084199000,1772286084211252,polymarket,0x62c3a01373b62d830717d5fedf3289662ea3971f3b1a6ab7c6aeef019b92debd,btc-updown-5m-1772323200,81715960876792788422527758885904722229420166075410575388978430362938033123768,Down,0.49,1168.47,0.5,50.47
1772286138108000,1772286138119353,polymarket,0x62c3a01373b62d830717d5fedf3289662ea3971f3b1a6ab7c6aeef019b92debd,btc-updown-5m-1772323200,81715960876792788422527758885904722229420166075410575388978430362938033123768,Down,0.49,1208.47,0.5,50.47
1772293212587000,1772293212597311,polymarket,0x62c3a01373b62d830717d5fedf3289662ea3971f3b1a6ab7c6aeef019b92debd,btc-updown-5m-1772323200,81715960876792788422527758885904722229420166075410575388978430362938033123768,Down,0.49,1208.47,0.5,70.47
1772295515165000,1772295515285798,polymarket,0x62c3a01373b62d830717d5fedf3289662ea3971f3b1a6ab7c6aeef019b92debd,btc-updown-5m-1772323200,81715960876792788422527758885904722229420166075410575388978430362938033123768,Down,0.49,1108.47,0.5,70.47
1772297803929000,1772297803938573,polymarket,0x62c3a01373b62d830717d5fedf3289662ea3971f3b1a6ab7c6aeef019b92debd,btc-updown-5m-1772323200,81715960876792788422527758885904722229420166075410575388978430362938033123768,Down,0.49,1208.47,0.5,70.47
1772298115196000,1772298115207739,polymarket,0x62c3a01373b62d830717d5fedf3289662ea3971f3b1a6ab7c6aeef019b92debd,btc-updown-5m-1772323200,81715960876792788422527758885904722229420166075410575388978430362938033123768,Down,0.49,1208.47,0.5,68.47
1772299513234000,1772299513244570,polymarket,0x62c3a01373b62d830717d5fedf3289662ea3971f3b1a6ab7c6aeef019b92debd,btc-updown-5m-1772323200,81715960876792788422527758885904722229420166075410575388978430362938033123768,Down,0.49,1203.47,0.5,68.47
1772308205587000,1772308205598893,polymarket,0x62c3a01373b62d830717d5fedf3289662ea3971f3b1a6ab7c6aeef019b92debd,btc-updown-5m-1772323200,81715960876792788422527758885904722229420166075410575388978430362938033123768,Down,0.49,1203.47,0.5,78.47
1772308208580000,1772308208589500,polymarket,0x62c3a01373b62d830717d5fedf3289662ea3971f3b1a6ab7c6aeef019b92debd,btc-updown-5m-1772323200,81715960876792788422527758885904722229420166075410575388978430362938033123768,Down,0.49,1203.47,0.5,90.4
1772308208581000,1772308208590331,polymarket,0x62c3a01373b62d830717d5fedf3289662ea3971f3b1a6ab7c6aeef019b92debd,btc-updown-5m-1772323200,81715960876792788422527758885904722229420166075410575388978430362938033123768,Down,0.49,1215.4,0.5,90.4
1772308211445000,1772308211461330,polymarket,0x62c3a01373b62d830717d5fedf3289662ea3971f3b1a6ab7c6aeef019b92debd,btc-updown-5m-1772323200,81715960876792788422527758885904722229420166075410575388978430362938033123768,Down,0.49,1215.4,0.5,127.36
1772308211447000,1772308211467982,polymarket,0x62c3a01373b62d830717d5fedf3289662ea3971f3b1a6ab7c6aeef019b92debd,btc-updown-5m-1772323200,81715960876792788422527758885904722229420166075410575388978430362938033123768,Down,0.49,1252.36,0.5,127.36
1772308212559000,1772308212570416,polymarket,0x62c3a01373b62d830717d5fedf3289662ea3971f3b1a6ab7c6aeef019b92debd,btc-updown-5m-1772323200,81715960876792788422527758885904722229420166075410575388978430362938033123768,Down,0.49,1272.36,0.5,127.36
1772308212560000,1772308212570438,polymarket,0x62c3a01373b62d830717d5fedf3289662ea3971f3b1a6ab7c6aeef019b92debd,btc-updown-5m-1772323200,81715960876792788422527758885904722229420166075410575388978430362938033123768,Down,0.49,1272.36,0.5,147.36
1772308213295000,1772308213304445,polymarket,0x62c3a01373b62d830717d5fedf3289662ea3971f3b1a6ab7c6aeef019b92debd,btc-updown-5m-1772323200,81715960876792788422527758885904722229420166075410575388978430362938033123768,Down,0.49,1272.36,0.5,156.41
1772308213296000,1772308213305576,polymarket,0x62c3a01373b62d830717d5fedf3289662ea3971f3b1a6ab7c6aeef019b92debd,btc-updown-5m-1772323200,81715960876792788422527758885904722229420166075410575388978430362938033123768,Down,0.49,1281.41,0.5,156.41
1772308218298000,1772308218308071,polymarket,0x62c3a01373b62d830717d5fedf3289662ea3971f3b1a6ab7c6aeef019b92debd,btc-updown-5m-1772323200,81715960876792788422527758885904722229420166075410575388978430362938033123768,Down,0.49,1281.41,0.5,165.54
1772308218299000,1772308218308908,polymarket,0x62c3a01373b62d830717d5fedf3289662ea3971f3b1a6ab7c6aeef019b92debd,btc-updown-5m-1772323200,81715960876792788422527758885904722229420166075410575388978430362938033123768,Down,0.49,1290.54,0.5,165.54
1772308223401000,1772308223419942,polymarket,0x62c3a01373b62d830717d5fedf3289662ea3971f3b1a6ab7c6aeef019b92debd,btc-updown-5m-1772323200,81715960876792788422527758885904722229420166075410575388978430362938033123768,Down,0.49,1310.54,0.5,165.54
1772308223404000,1772308223420832,polymarket,0x62c3a01373b62d830717d5fedf3289662ea3971f3b1a6ab7c6aeef019b92debd,btc-updown-5m-1772323200,81715960876792788422527758885904722229420166075410575388978430362938033123768,Down,0.49,1310.54,0.5,185.54
1772308234795000,1772308234811631,polymarket,0x62c3a01373b62d830717d5fedf3289662ea3971f3b1a6ab7c6aeef019b92debd,btc-updown-5m-1772323200,81715960876792788422527758885904722229420166075410575388978430362938033123768,Down,0.49,1310.54,0.5,205.54
1772308234797000,1772308234811735,polymarket,0x62c3a01373b62d830717d5fedf3289662ea3971f3b1a6ab7c6aeef019b92debd,btc-updown-5m-1772323200,81715960876792788422527758885904722229420166075410575388978430362938033123768,Down,0.49,1330.54,0.5,205.54
1772308236496000,1772308236547771,polymarket,0x62c3a01373b62d830717d5fedf3289662ea3971f3b1a6ab7c6aeef019b92debd,btc-updown-5m-1772323200,81715960876792788422527758885904722229420166075410575388978430362938033123768,Down,0.49,1340.54,0.5,205.54
1772308246059000,1772308246074549,polymarket,0x62c3a01373b62d830717d5fedf3289662ea3971f3b1a6ab7c6aeef019b92debd,btc-updown-5m-1772323200,81715960876792788422527758885904722229420166075410575388978430362938033123768,Down,0.49,1360.54,0.5,205.54
1772308246060000,1772308246074568,polymarket,0x62c3a01373b62d830717d5fedf3289662ea3971f3b1a6ab7c6aeef019b92debd,btc-updown-5m-1772323200,81715960876792788422527758885904722229420166075410575388978430362938033123768,Down,0.49,1360.54,0.5,225.54
1772308257057000,1772308257112641,polymarket,0x62c3a01373b62d830717d5fedf3289662ea3971f3b1a6ab7c6aeef019b92debd,btc-updown-5m-1772323200,81715960876792788422527758885904722229420166075410575388978430362938033123768,Down,0.49,1380.54,0.5,225.54
1772308257059000,1772308257112660,polymarket,0x62c3a01373b62d830717d5fedf3289662ea3971f3b1a6ab7c6aeef019b92debd,btc-updown-5m-1772323200,81715960876792788422527758885904722229420166075410575388978430362938033123768,Down,0.49,1380.54,0.5,245.54
1772308268570000,1772308268615475,polymarket,0x62c3a01373b62d830717d5fedf3289662ea3971f3b1a6ab7c6aeef019b92debd,btc-updown-5m-1772323200,81715960876792788422527758885904722229420166075410575388978430362938033123768,Down,0.49,1400.54,0.5,245.54
1772308268571000,1772308268615492,polymarket,0x62c3a01373b62d830717d5fedf3289662ea3971f3b1a6ab7c6aeef019b92debd,btc-updown-5m-1772323200,81715960876792788422527758885904722229420166075410575388978430362938033123768,Down,0.49,1400.54,0.5,265.54
1772308279228000,1772308279237953,polymarket,0x62c3a01373b62d830717d5fedf3289662ea3971f3b1a6ab7c6aeef019b92debd,btc-updown-5m-1772323200,81715960876792788422527758885904722229420166075410575388978430362938033123768,Down,0.49,1420.54,0.5,265.54
1772308279229000,1772308279238232,polymarket,0x62c3a01373b62d830717d5fedf3289662ea3971f3b1a6ab7c6aeef019b92debd,btc-updown-5m-1772323200,81715960876792788422527758885904722229420166075410575388978430362938033123768,Down,0.49,1420.54,0.5,285.54
1772308288874000,1772308288885481,polymarket,0x62c3a01373b62d830717d5fedf3289662ea3971f3b1a6ab7c6aeef019b92debd,btc-updown-5m-1772323200,81715960876792788422527758885904722229420166075410575388978430362938033123768,Down,0.49,1430.54,0.5,285.54
1772308289887000,1772308289896631,polymarket,0x62c3a01373b62d830717d5fedf3289662ea3971f3b1a6ab7c6aeef019b92debd,btc-updown-5m-1772323200,81715960876792788422527758885904722229420166075410575388978430362938033123768,Down,0.49,1430.54,0.5,305.54
1772308289888000,1772308289899491,polymarket,0x62c3a01373b62d830717d5fedf3289662ea3971f3b1a6ab7c6aeef019b92debd,btc-updown-5m-1772323200,81715960876792788422527758885904722229420166075410575388978430362938033123768,Down,0.49,1450.54,0.5,305.54
1772308301535000,1772308301544161,polymarket,0x62c3a01373b62d830717d5fedf3289662ea3971f3b1a6ab7c6aeef019b92debd,btc-updown-5m-1772323200,81715960876792788422527758885904722229420166075410575388978430362938033123768,Down,0.49,1450.54,0.5,325.54
1772308301536000,1772308301545253,polymarket,0x62c3a01373b62d830717d5fedf3289662ea3971f3b1a6ab7c6aeef019b92debd,btc-updown-5m-1772323200,81715960876792788422527758885904722229420166075410575388978430362938033123768,Down,0.49,1470.54,0.5,325.54
1772308312407000,1772308312417934,polymarket,0x62c3a01373b62d830717d5fedf3289662ea3971f3b1a6ab7c6aeef019b92debd,btc-updown-5m-1772323200,81715960876792788422527758885904722229420166075410575388978430362938033123768,Down,0.49,1470.54,0.5,345.54
1772308312408000,1772308312454436,polymarket,0x62c3a01373b62d830717d5fedf3289662ea3971f3b1a6ab7c6aeef019b92debd,btc-updown-5m-1772323200,81715960876792788422527758885904722229420166075410575388978430362938033123768,Down,0.49,1490.54,0.5,345.54
1772309699551000,1772309699576562,polymarket,0x62c3a01373b62d830717d5fedf3289662ea3971f3b1a6ab7c6aeef019b92debd,btc-updown-5m-1772323200,81715960876792788422527758885904722229420166075410575388978430362938033123768,Down,0.49,1470.54,0.5,345.54
1772309699553000,1772309699576999,polymarket,0x62c3a01373b62d830717d5fedf3289662ea3971f3b1a6ab7c6aeef019b92debd,btc-updown-5m-1772323200,81715960876792788422527758885904722229420166075410575388978430362938033123768,Down,0.49,1470.54,0.5,335.54
1772311211268000,1772311211278404,polymarket,0x62c3a01373b62d830717d5fedf3289662ea3971f3b1a6ab7c6aeef019b92debd,btc-updown-5m-1772323200,81715960876792788422527758885904722229420166075410575388978430362938033123768,Down,0.49,1470.54,0.5,373.59
1772311211270000,1772311211279606,polymarket,0x62c3a01373b62d830717d5fedf3289662ea3971f3b1a6ab7c6aeef019b92debd,btc-updown-5m-1772323200,81715960876792788422527758885904722229420166075410575388978430362938033123768,Down,0.49,1508.59,0.5,373.59
1772312995229000,1772312995261164,polymarket,0x62c3a01373b62d830717d5fedf3289662ea3971f3b1a6ab7c6aeef019b92debd,btc-updown-5m-1772323200,81715960876792788422527758885904722229420166075410575388978430362938033123768,Down,0.49,1508.59,0.5,393.79
1772312995787000,1772312995796518,polymarket,0x62c3a01373b62d830717d5fedf3289662ea3971f3b1a6ab7c6aeef019b92debd,btc-updown-5m-1772323200,81715960876792788422527758885904722229420166075410575388978430362938033123768,Down,0.49,1528.79,0.5,393.79
1772313021437000,1772313021452524,polymarket,0x62c3a01373b62d830717d5fedf3289662ea3971f3b1a6ab7c6aeef019b92debd,btc-updown-5m-1772323200,81715960876792788422527758885904722229420166075410575388978430362938033123768,Down,0.49,1528.79,0.5,413.99
1772313021705000,1772313021714573,polymarket,0x62c3a01373b62d830717d5fedf3289662ea3971f3b1a6ab7c6aeef019b92debd,btc-updown-5m-1772323200,81715960876792788422527758885904722229420166075410575388978430362938033123768,Down,0.49,1548.99,0.5,413.99
1772313056621000,1772313056631162,polymarket,0x62c3a01373b62d830717d5fedf3289662ea3971f3b1a6ab7c6aeef019b92debd,btc-updown-5m-1772323200,81715960876792788422527758885904722229420166075410575388978430362938033123768,Down,0.49,1528.79,0.5,413.99
1772313056622000,1772313056632128,polymarket,0x62c3a01373b62d830717d5fedf3289662ea3971f3b1a6ab7c6aeef019b92debd,btc-updown-5m-1772323200,81715960876792788422527758885904722229420166075410575388978430362938033123768,Down,0.49,1528.79,0.5,393.79
1772313165522000,1772313165531251,polymarket,0x62c3a01373b62d830717d5fedf3289662ea3971f3b1a6ab7c6aeef019b92debd,btc-updown-5m-1772323200,81715960876792788422527758885904722229420166075410575388978430362938033123768,Down,0.49,1508.59,0.5,393.79
1772313165523000,1772313165531707,polymarket,0x62c3a01373b62d830717d5fedf3289662ea3971f3b1a6ab7c6aeef019b92debd,btc-updown-5m-1772323200,81715960876792788422527758885904722229420166075410575388978430362938033123768,Down,0.49,1508.59,0.5,373.59
1772313426175000,1772313426190979,polymarket,0x62c3a01373b62d830717d5fedf3289662ea3971f3b1a6ab7c6aeef019b92debd,btc-updown-5m-1772323200,81715960876792788422527758885904722229420166075410575388978430362938033123768,Down,0.49,1563.59,0.5,373.59
1772313434868000,1772313434877323,polymarket,0x62c3a01373b62d830717d5fedf3289662ea3971f3b1a6ab7c6aeef019b92debd,btc-updown-5m-1772323200,81715960876792788422527758885904722229420166075410575388978430362938033123768,Down,0.49,1563.59,0.5,424.59
1772313435693000,1772313435702222,polymarket,0x62c3a01373b62d830717d5fedf3289662ea3971f3b1a6ab7c6aeef019b92debd,btc-updown-5m-1772323200,81715960876792788422527758885904722229420166075410575388978430362938033123768,Down,0.49,1614.59,0.5,424.59
1772314393528000,1772314393539108,polymarket,0x62c3a01373b62d830717d5fedf3289662ea3971f3b1a6ab7c6aeef019b92debd,btc-updown-5m-1772323200,81715960876792788422527758885904722229420166075410575388978430362938033123768,Down,0.49,1563.59,0.5,424.59
1772314394338000,1772314394348579,polymarket,0x62c3a01373b62d830717d5fedf3289662ea3971f3b1a6ab7c6aeef019b92debd,btc-updown-5m-1772323200,81715960876792788422527758885904722229420166075410575388978430362938033123768,Down,0.49,1563.59,0.5,373.59
1772314397572000,1772314397581751,polymarket,0x62c3a01373b62d830717d5fedf3289662ea3971f3b1a6ab7c6aeef019b92debd,btc-updown-5m-1772323200,81715960876792788422527758885904722229420166075410575388978430362938033123768,Down,0.49,1508.59,0.5,373.59
1772315275049000,1772315275058087,polymarket,0x62c3a01373b62d830717d5fedf3289662ea3971f3b1a6ab7c6aeef019b92debd,btc-updown-5m-1772323200,81715960876792788422527758885904722229420166075410575388978430362938033123768,Down,0.49,1508.59,0.5,378.59
1772315275281000,1772315275292520,polymarket,0x62c3a01373b62d830717d5fedf3289662ea3971f3b1a6ab7c6aeef019b92debd,btc-updown-5m-1772323200,81715960876792788422527758885904722229420166075410575388978430362938033123768,Down,0.49,1513.59,0.5,378.59
1772315574343000,1772315574360702,polymarket,0x62c3a01373b62d830717d5fedf3289662ea3971f3b1a6ab7c6aeef019b92debd,btc-updown-5m-1772323200,81715960876792788422527758885904722229420166075410575388978430362938033123768,Down,0.49,1508.59,0.5,378.59
1772315574346000,1772315574408704,polymarket,0x62c3a01373b62d830717d5fedf3289662ea3971f3b1a6ab7c6aeef019b92debd,btc-updown-5m-1772323200,81715960876792788422527758885904722229420166075410575388978430362938033123768,Down,0.49,1508.59,0.5,373.59
1772315842115000,1772315842124181,polymarket,0x62c3a01373b62d830717d5fedf3289662ea3971f3b1a6ab7c6aeef019b92debd,btc-updown-5m-1772323200,81715960876792788422527758885904722229420166075410575388978430362938033123768,Down,0.49,1508.59,0.5,378.59
1772315842341000,1772315842355697,polymarket,0x62c3a01373b62d830717d5fedf3289662ea3971f3b1a6ab7c6aeef019b92debd,btc-updown-5m-1772323200,81715960876792788422527758885904722229420166075410575388978430362938033123768,Down,0.49,1513.59,0.5,378.59
1772316011285000,1772316011301570,polymarket,0x62c3a01373b62d830717d5fedf3289662ea3971f3b1a6ab7c6aeef019b92debd,btc-updown-5m-1772323200,81715960876792788422527758885904722229420166075410575388978430362938033123768,Down,0.49,1504.59,0.5,378.59
1772316485696000,1772316485709610,polymarket,0x62c3a01373b62d830717d5fedf3289662ea3971f3b1a6ab7c6aeef019b92debd,btc-updown-5m-1772323200,81715960876792788422527758885904722229420166075410575388978430362938033123768,Down,0.49,1581.59,0.5,378.59
1772316773238000,1772316773256845,polymarket,0x62c3a01373b62d830717d5fedf3289662ea3971f3b1a6ab7c6aeef019b92debd,btc-updown-5m-1772323200,81715960876792788422527758885904722229420166075410575388978430362938033123768,Down,0.49,1504.59,0.5,378.59
1772316912904000,1772316912912728,polymarket,0x62c3a01373b62d830717d5fedf3289662ea3971f3b1a6ab7c6aeef019b92debd,btc-updown-5m-1772323200,81715960876792788422527758885904722229420166075410575388978430362938033123768,Down,0.49,1516.59,0.5,378.59
1772316997340000,1772316997372207,polymarket,0x62c3a01373b62d830717d5fedf3289662ea3971f3b1a6ab7c6aeef019b92debd,btc-updown-5m-1772323200,81715960876792788422527758885904722229420166075410575388978430362938033123768,Down,0.49,1516.59,0.5,373.59
1772316997352000,1772316997401233,polymarket,0x62c3a01373b62d830717d5fedf3289662ea3971f3b1a6ab7c6aeef019b92debd,btc-updown-5m-1772323200,81715960876792788422527758885904722229420166075410575388978430362938033123768,Down,0.49,1511.59,0.5,373.59
1772317004387000,1772317004402050,polymarket,0x62c3a01373b62d830717d5fedf3289662ea3971f3b1a6ab7c6aeef019b92debd,btc-updown-5m-1772323200,81715960876792788422527758885904722229420166075410575388978430362938033123768,Down,0.49,1499.59,0.5,373.59
1772317035225000,1772317035234714,polymarket,0x62c3a01373b62d830717d5fedf3289662ea3971f3b1a6ab7c6aeef019b92debd,btc-updown-5m-1772323200,81715960876792788422527758885904722229420166075410575388978430362938033123768,Down,0.49,1499.59,0.5,378.59
1772317035481000,1772317035490706,polymarket,0x62c3a01373b62d830717d5fedf3289662ea3971f3b1a6ab7c6aeef019b92debd,btc-updown-5m-1772323200,81715960876792788422527758885904722229420166075410575388978430362938033123768,Down,0.49,1504.59,0.5,378.59
1772317265517000,1772317265548236,polymarket,0x62c3a01373b62d830717d5fedf3289662ea3971f3b1a6ab7c6aeef019b92debd,btc-updown-5m-1772323200,81715960876792788422527758885904722229420166075410575388978430362938033123768,Down,0.49,1499.59,0.5,378.59
1772317265524000,1772317265548252,polymarket,0x62c3a01373b62d830717d5fedf3289662ea3971f3b1a6ab7c6aeef019b92debd,btc-updown-5m-1772323200,81715960876792788422527758885904722229420166075410575388978430362938033123768,Down,0.49,1499.59,0.5,373.59
1772317301707000,1772317301743321,polymarket,0x62c3a01373b62d830717d5fedf3289662ea3971f3b1a6ab7c6aeef019b92debd,btc-updown-5m-1772323200,81715960876792788422527758885904722229420166075410575388978430362938033123768,Down,0.49,1499.59,0.5,378.59
1772317301892000,1772317301901629,polymarket,0x62c3a01373b62d830717d5fedf3289662ea3971f3b1a6ab7c6aeef019b92debd,btc-updown-5m-1772323200,81715960876792788422527758885904722229420166075410575388978430362938033123768,Down,0.49,1504.59,0.5,378.59
1772317733947000,1772317733956574,polymarket,0x62c3a01373b62d830717d5fedf3289662ea3971f3b1a6ab7c6aeef019b92debd,btc-updown-5m-1772323200,81715960876792788422527758885904722229420166075410575388978430362938033123768,Down,0.49,1510.03,0.5,378.59
1772317733948000,1772317733957129,polymarket,0x62c3a01373b62d830717d5fedf3289662ea3971f3b1a6ab7c6aeef019b92debd,btc-updown-5m-1772323200,81715960876792788422527758885904722229420166075410575388978430362938033123768,Down,0.49,1510.03,0.5,384.03
1772317738444000,1772317738455725,polymarket,0x62c3a01373b62d830717d5fedf3289662ea3971f3b1a6ab7c6aeef019b92debd,btc-updown-5m-1772323200,81715960876792788422527758885904722229420166075410575388978430362938033123768,Down,0.49,1510.03,0.5,389.6
1772317738444000,1772317738455734,polymarket,0x62c3a01373b62d830717d5fedf3289662ea3971f3b1a6ab7c6aeef019b92debd,btc-updown-5m-1772323200,81715960876792788422527758885904722229420166075410575388978430362938033123768,Down,0.49,1515.6,0.5,389.6
1772317742984000,1772317742993097,polymarket,0x62c3a01373b62d830717d5fedf3289662ea3971f3b1a6ab7c6aeef019b92debd,btc-updown-5m-1772323200,81715960876792788422527758885904722229420166075410575388978430362938033123768,Down,0.49,1515.6,0.5,394.6
1772317742985000,1772317742993878,polymarket,0x62c3a01373b62d830717d5fedf3289662ea3971f3b1a6ab7c6aeef019b92debd,btc-updown-5m-1772323200,81715960876792788422527758885904722229420166075410575388978430362938033123768,Down,0.49,1520.6,0.5,394.6
1772317747985000,1772317748032621,polymarket,0x62c3a01373b62d830717d5fedf3289662ea3971f3b1a6ab7c6aeef019b92debd,btc-updown-5m-1772323200,81715960876792788422527758885904722229420166075410575388978430362938033123768,Down,0.49,1525.88,0.5,394.6
1772317747987000,1772317748032643,polymarket,0x62c3a01373b62d830717d5fedf3289662ea3971f3b1a6ab7c6aeef019b92debd,btc-updown-5m-1772323200,81715960876792788422527758885904722229420166075410575388978430362938033123768,Down,0.49,1525.88,0.5,399.88
1772317753738000,1772317753747383,polymarket,0x62c3a01373b62d830717d5fedf3289662ea3971f3b1a6ab7c6aeef019b92debd,btc-updown-5m-1772323200,81715960876792788422527758885904722229420166075410575388978430362938033123768,Down,0.49,1525.88,0.5,404.88
1772317753739000,1772317753748257,polymarket,0x62c3a01373b62d830717d5fedf3289662ea3971f3b1a6ab7c6aeef019b92debd,btc-updown-5m-1772323200,81715960876792788422527758885904722229420166075410575388978430362938033123768,Down,0.49,1530.88,0.5,404.88
1772317757921000,1772317757930232,polymarket,0x62c3a01373b62d830717d5fedf3289662ea3971f3b1a6ab7c6aeef019b92debd,btc-updown-5m-1772323200,81715960876792788422527758885904722229420166075410575388978430362938033123768,Down,0.49,1530.88,0.5,409.88
1772317757922000,1772317757931259,polymarket,0x62c3a01373b62d830717d5fedf3289662ea3971f3b1a6ab7c6aeef019b92debd,btc-updown-5m-1772323200,81715960876792788422527758885904722229420166075410575388978430362938033123768,Down,0.49,1535.88,0.5,409.88
1772317762206000,1772317762214641,polymarket,0x62c3a01373b62d830717d5fedf3289662ea3971f3b1a6ab7c6aeef019b92debd,btc-updown-5m-1772323200,81715960876792788422527758885904722229420166075410575388978430362938033123768,Down,0.49,1535.88,0.5,414.88
1772317762207000,1772317762216890,polymarket,0x62c3a01373b62d830717d5fedf3289662ea3971f3b1a6ab7c6aeef019b92debd,btc-updown-5m-1772323200,81715960876792788422527758885904722229420166075410575388978430362938033123768,Down,0.49,1540.88,0.5,414.88
1772317767278000,1772317767287035,polymarket,0x62c3a01373b62d830717d5fedf3289662ea3971f3b1a6ab7c6aeef019b92debd,btc-updown-5m-1772323200,81715960876792788422527758885904722229420166075410575388978430362938033123768,Down,0.49,1540.88,0.5,419.88
1772317767279000,1772317767287709,polymarket,0x62c3a01373b62d830717d5fedf3289662ea3971f3b1a6ab7c6aeef019b92debd,btc-updown-5m-1772323200,81715960876792788422527758885904722229420166075410575388978430362938033123768,Down,0.49,1545.88,0.5,419.88
1772317772255000,1772317772273661,polymarket,0x62c3a01373b62d830717d5fedf3289662ea3971f3b1a6ab7c6aeef019b92debd,btc-updown-5m-1772323200,81715960876792788422527758885904722229420166075410575388978430362938033123768,Down,0.49,1550.88,0.5,419.88
1772317772259000,1772317772275360,polymarket,0x62c3a01373b62d830717d5fedf3289662ea3971f3b1a6ab7c6aeef019b92debd,btc-updown-5m-1772323200,81715960876792788422527758885904722229420166075410575388978430362938033123768,Down,0.49,1550.88,0.5,424.88
1772317776817000,1772317776831028,polymarket,0x62c3a01373b62d830717d5fedf3289662ea3971f3b1a6ab7c6aeef019b92debd,btc-updown-5m-1772323200,81715960876792788422527758885904722229420166075410575388978430362938033123768,Down,0.49,1555.88,0.5,424.88
1772317776821000,1772317776832125,polymarket,0x62c3a01373b62d830717d5fedf3289662ea3971f3b1a6ab7c6aeef019b92debd,btc-updown-5m-1772323200,81715960876792788422527758885904722229420166075410575388978430362938033123768,Down,0.49,1555.88,0.5,429.88
1772317781449000,1772317781458364,polymarket,0x62c3a01373b62d830717d5fedf3289662ea3971f3b1a6ab7c6aeef019b92debd,btc-updown-5m-1772323200,81715960876792788422527758885904722229420166075410575388978430362938033123768,Down,0.49,1560.88,0.5,429.88
1772317781450000,1772317781459437,polymarket,0x62c3a01373b62d830717d5fedf3289662ea3971f3b1a6ab7c6aeef019b92debd,btc-updown-5m-1772323200,81715960876792788422527758885904722229420166075410575388978430362938033123768,Down,0.49,1560.88,0.5,434.88
1772317785777000,1772317785785744,polymarket,0x62c3a01373b62d830717d5fedf3289662ea3971f3b1a6ab7c6aeef019b92debd,btc-updown-5m-1772323200,81715960876792788422527758885904722229420166075410575388978430362938033123768,Down,0.49,1560.88,0.5,439.88
1772317785778000,1772317785786506,polymarket,0x62c3a01373b62d830717d5fedf3289662ea3971f3b1a6ab7c6aeef019b92debd,btc-updown-5m-1772323200,81715960876792788422527758885904722229420166075410575388978430362938033123768,Down,0.49,1565.88,0.5,439.88
1772317799780000,1772317799791860,polymarket,0x62c3a01373b62d830717d5fedf3289662ea3971f3b1a6ab7c6aeef019b92debd,btc-updown-5m-1772323200,81715960876792788422527758885904722229420166075410575388978430362938033123768,Down,0.49,1565.88,0.5,444.88
1772317799784000,1772317799793515,polymarket,0x62c3a01373b62d830717d5fedf3289662ea3971f3b1a6ab7c6aeef019b92debd,btc-updown-5m-1772323200,81715960876792788422527758885904722229420166075410575388978430362938033123768,Down,0.49,1570.88,0.5,444.88
1772317804206000,1772317804215736,polymarket,0x62c3a01373b62d830717d5fedf3289662ea3971f3b1a6ab7c6aeef019b92debd,btc-updown-5m-1772323200,81715960876792788422527758885904722229420166075410575388978430362938033123768,Down,0.49,1570.88,0.5,449.88
1772317804207000,1772317804216427,polymarket,0x62c3a01373b62d830717d5fedf3289662ea3971f3b1a6ab7c6aeef019b92debd,btc-updown-5m-1772323200,81715960876792788422527758885904722229420166075410575388978430362938033123768,Down,0.49,1575.88,0.5,449.88
1772317808916000,1772317808927976,polymarket,0x62c3a01373b62d830717d5fedf3289662ea3971f3b1a6ab7c6aeef019b92debd,btc-updown-5m-1772323200,81715960876792788422527758885904722229420166075410575388978430362938033123768,Down,0.49,1575.88,0.5,454.88
1772317808917000,1772317808927986,polymarket,0x62c3a01373b62d830717d5fedf3289662ea3971f3b1a6ab7c6aeef019b92debd,btc-updown-5m-1772323200,81715960876792788422527758885904722229420166075410575388978430362938033123768,Down,0.49,1580.88,0.5,454.88
1772317810063000,1772317810072982,polymarket,0x62c3a01373b62d830717d5fedf3289662ea3971f3b1a6ab7c6aeef019b92debd,btc-updown-5m-1772323200,81715960876792788422527758885904722229420166075410575388978430362938033123768,Down,0.49,1580.88,0.5,474.88
1772317812912000,1772317812923068,polymarket,0x62c3a01373b62d830717d5fedf3289662ea3971f3b1a6ab7c6aeef019b92debd,btc-updown-5m-1772323200,81715960876792788422527758885904722229420166075410575388978430362938033123768,Down,0.49,1585.88,0.5,474.88
1772317812914000,1772317812928822,polymarket,0x62c3a01373b62d830717d5fedf3289662ea3971f3b1a6ab7c6aeef019b92debd,btc-updown-5m-1772323200,81715960876792788422527758885904722229420166075410575388978430362938033123768,Down,0.49,1585.88,0.5,479.88
1772317817435000,1772317817443825,polymarket,0x62c3a01373b62d830717d5fedf3289662ea3971f3b1a6ab7c6aeef019b92debd,btc-updown-5m-1772323200,81715960876792788422527758885904722229420166075410575388978430362938033123768,Down,0.49,1585.88,0.5,484.88
1772317817436000,1772317817444856,polymarket,0x62c3a01373b62d830717d5fedf3289662ea3971f3b1a6ab7c6aeef019b92debd,btc-updown-5m-1772323200,81715960876792788422527758885904722229420166075410575388978430362938033123768,Down,0.49,1590.88,0.5,484.88
1772317822547000,1772317822557006,polymarket,0x62c3a01373b62d830717d5fedf3289662ea3971f3b1a6ab7c6aeef019b92debd,btc-updown-5m-1772323200,81715960876792788422527758885904722229420166075410575388978430362938033123768,Down,0.49,1590.88,0.5,489.88
1772317822548000,1772317822559390,polymarket,0x62c3a01373b62d830717d5fedf3289662ea3971f3b1a6ab7c6aeef019b92debd,btc-updown-5m-1772323200,81715960876792788422527758885904722229420166075410575388978430362938033123768,Down,0.49,1595.88,0.5,489.88
1772317827221000,1772317827235328,polymarket,0x62c3a01373b62d830717d5fedf3289662ea3971f3b1a6ab7c6aeef019b92debd,btc-updown-5m-1772323200,81715960876792788422527758885904722229420166075410575388978430362938033123768,Down,0.49,1595.88,0.5,494.88
1772317827223000,1772317827235341,polymarket,0x62c3a01373b62d830717d5fedf3289662ea3971f3b1a6ab7c6aeef019b92debd,btc-updown-5m-1772323200,81715960876792788422527758885904722229420166075410575388978430362938033123768,Down,0.49,1600.88,0.5,494.88
1772317831582000,1772317831595832,polymarket,0x62c3a01373b62d830717d5fedf3289662ea3971f3b1a6ab7c6aeef019b92debd,btc-updown-5m-1772323200,81715960876792788422527758885904722229420166075410575388978430362938033123768,Down,0.49,1600.88,0.5,499.88
1772317831583000,1772317831595845,polymarket,0x62c3a01373b62d830717d5fedf3289662ea3971f3b1a6ab7c6aeef019b92debd,btc-updown-5m-1772323200,81715960876792788422527758885904722229420166075410575388978430362938033123768,Down,0.49,1605.88,0.5,499.88
1772317836205000,1772317836215032,polymarket,0x62c3a01373b62d830717d5fedf3289662ea3971f3b1a6ab7c6aeef019b92debd,btc-updown-5m-1772323200,81715960876792788422527758885904722229420166075410575388978430362938033123768,Down,0.49,1605.88,0.5,504.88
1772317836207000,1772317836216038,polymarket,0x62c3a01373b62d830717d5fedf3289662ea3971f3b1a6ab7c6aeef019b92debd,btc-updown-5m-1772323200,81715960876792788422527758885904722229420166075410575388978430362938033123768,Down,0.49,1610.88,0.5,504.88
1772317840940000,1772317840955876,polymarket,0x62c3a01373b62d830717d5fedf3289662ea3971f3b1a6ab7c6aeef019b92debd,btc-updown-5m-1772323200,81715960876792788422527758885904722229420166075410575388978430362938033123768,Down,0.49,1615.88,0.5,504.88
1772317840942000,1772317840966766,polymarket,0x62c3a01373b62d830717d5fedf3289662ea3971f3b1a6ab7c6aeef019b92debd,btc-updown-5m-1772323200,81715960876792788422527758885904722229420166075410575388978430362938033123768,Down,0.49,1615.88,0.5,509.88
1772317845145000,1772317845154114,polymarket,0x62c3a01373b62d830717d5fedf3289662ea3971f3b1a6ab7c6aeef019b92debd,btc-updown-5m-1772323200,81715960876792788422527758885904722229420166075410575388978430362938033123768,Down,0.49,1615.88,0.5,514.88
1772317845146000,1772317845155717,polymarket,0x62c3a01373b62d830717d5fedf3289662ea3971f3b1a6ab7c6aeef019b92debd,btc-updown-5m-1772323200,81715960876792788422527758885904722229420166075410575388978430362938033123768,Down,0.49,1620.88,0.5,514.88
1772317849616000,1772317849648009,polymarket,0x62c3a01373b62d830717d5fedf3289662ea3971f3b1a6ab7c6aeef019b92debd,btc-updown-5m-1772323200,81715960876792788422527758885904722229420166075410575388978430362938033123768,Down,0.49,1625.88,0.5,514.88
1772317849617000,1772317849648029,polymarket,0x62c3a01373b62d830717d5fedf3289662ea3971f3b1a6ab7c6aeef019b92debd,btc-updown-5m-1772323200,81715960876792788422527758885904722229420166075410575388978430362938033123768,Down,0.49,1625.88,0.5,519.88
1772317853918000,1772317853928255,polymarket,0x62c3a01373b62d830717d5fedf3289662ea3971f3b1a6ab7c6aeef019b92debd,btc-updown-5m-1772323200,81715960876792788422527758885904722229420166075410575388978430362938033123768,Down,0.49,1625.88,0.5,524.88
1772317853919000,1772317853929309,polymarket,0x62c3a01373b62d830717d5fedf3289662ea3971f3b1a6ab7c6aeef019b92debd,btc-updown-5m-1772323200,81715960876792788422527758885904722229420166075410575388978430362938033123768,Down,0.49,1630.88,0.5,524.88
1772317858342000,1772317858351770,polymarket,0x62c3a01373b62d830717d5fedf3289662ea3971f3b1a6ab7c6aeef019b92debd,btc-updown-5m-1772323200,81715960876792788422527758885904722229420166075410575388978430362938033123768,Down,0.49,1635.88,0.5,524.88
1772317858343000,1772317858352800,polymarket,0x62c3a01373b62d830717d5fedf3289662ea3971f3b1a6ab7c6aeef019b92debd,btc-updown-5m-1772323200,81715960876792788422527758885904722229420166075410575388978430362938033123768,Down,0.49,1635.88,0.5,529.88
1772317862383000,1772317862392404,polymarket,0x62c3a01373b62d830717d5fedf3289662ea3971f3b1a6ab7c6aeef019b92debd,btc-updown-5m-1772323200,81715960876792788422527758885904722229420166075410575388978430362938033123768,Down,0.49,1635.88,0.5,534.88
1772317862384000,1772317862393883,polymarket,0x62c3a01373b62d830717d5fedf3289662ea3971f3b1a6ab7c6aeef019b92debd,btc-updown-5m-1772323200,81715960876792788422527758885904722229420166075410575388978430362938033123768,Down,0.49,1640.88,0.5,534.88
1772317866427000,1772317866533895,polymarket,0x62c3a01373b62d830717d5fedf3289662ea3971f3b1a6ab7c6aeef019b92debd,btc-updown-5m-1772323200,81715960876792788422527758885904722229420166075410575388978430362938033123768,Down,0.49,1645.88,0.5,534.88
1772317866429000,1772317866533914,polymarket,0x62c3a01373b62d830717d5fedf3289662ea3971f3b1a6ab7c6aeef019b92debd,btc-updown-5m-1772323200,81715960876792788422527758885904722229420166075410575388978430362938033123768,Down,0.49,1645.88,0.5,539.88
1772317870626000,1772317870692654,polymarket,0x62c3a01373b62d830717d5fedf3289662ea3971f3b1a6ab7c6aeef019b92debd,btc-updown-5m-1772323200,81715960876792788422527758885904722229420166075410575388978430362938033123768,Down,0.49,1645.88,0.5,544.88
1772317870628000,1772317870692666,polymarket,0x62c3a01373b62d830717d5fedf3289662ea3971f3b1a6ab7c6aeef019b92debd,btc-updown-5m-1772323200,81715960876792788422527758885904722229420166075410575388978430362938033123768,Down,0.49,1650.88,0.5,544.88
1772317875209000,1772317875219197,polymarket,0x62c3a01373b62d830717d5fedf3289662ea3971f3b1a6ab7c6aeef019b92debd,btc-updown-5m-1772323200,81715960876792788422527758885904722229420166075410575388978430362938033123768,Down,0.49,1655.88,0.5,544.88
1772317875210000,1772317875219739,polymarket,0x62c3a01373b62d830717d5fedf3289662ea3971f3b1a6ab7c6aeef019b92debd,btc-updown-5m-1772323200,81715960876792788422527758885904722229420166075410575388978430362938033123768,Down,0.49,1655.88,0.5,549.88
1772317879418000,1772317879428756,polymarket,0x62c3a01373b62d830717d5fedf3289662ea3971f3b1a6ab7c6aeef019b92debd,btc-updown-5m-1772323200,81715960876792788422527758885904722229420166075410575388978430362938033123768,Down,0.49,1655.88,0.5,554.88
1772317879420000,1772317879429889,polymarket,0x62c3a01373b62d830717d5fedf3289662ea3971f3b1a6ab7c6aeef019b92debd,btc-updown-5m-1772323200,81715960876792788422527758885904722229420166075410575388978430362938033123768,Down,0.49,1660.88,0.5,554.88
1772317883672000,1772317883681259,polymarket,0x62c3a01373b62d830717d5fedf3289662ea3971f3b1a6ab7c6aeef019b92debd,btc-updown-5m-1772323200,81715960876792788422527758885904722229420166075410575388978430362938033123768,Down,0.49,1660.88,0.5,559.88
1772317883673000,1772317883682111,polymarket,0x62c3a01373b62d830717d5fedf3289662ea3971f3b1a6ab7c6aeef019b92debd,btc-updown-5m-1772323200,81715960876792788422527758885904722229420166075410575388978430362938033123768,Down,0.49,1665.88,0.5,559.88
1772317888450000,1772317888461024,polymarket,0x62c3a01373b62d830717d5fedf3289662ea3971f3b1a6ab7c6aeef019b92debd,btc-updown-5m-1772323200,81715960876792788422527758885904722229420166075410575388978430362938033123768,Down,0.49,1665.88,0.5,564.88
1772317888452000,1772317888461525,polymarket,0x62c3a01373b62d830717d5fedf3289662ea3971f3b1a6ab7c6aeef019b92debd,btc-updown-5m-1772323200,81715960876792788422527758885904722229420166075410575388978430362938033123768,Down,0.49,1670.88,0.5,564.88
1772317892505000,1772317892514944,polymarket,0x62c3a01373b62d830717d5fedf3289662ea3971f3b1a6ab7c6aeef019b92debd,btc-updown-5m-1772323200,81715960876792788422527758885904722229420166075410575388978430362938033123768,Down,0.49,1670.88,0.5,569.88
1772317892507000,1772317892515733,polymarket,0x62c3a01373b62d830717d5fedf3289662ea3971f3b1a6ab7c6aeef019b92debd,btc-updown-5m-1772323200,81715960876792788422527758885904722229420166075410575388978430362938033123768,Down,0.49,1675.88,0.5,569.88
1772317896839000,1772317896849658,polymarket,0x62c3a01373b62d830717d5fedf3289662ea3971f3b1a6ab7c6aeef019b92debd,btc-updown-5m-1772323200,81715960876792788422527758885904722229420166075410575388978430362938033123768,Down,0.49,1675.88,0.5,574.88
1772317896841000,1772317896851011,polymarket,0x62c3a01373b62d830717d5fedf3289662ea3971f3b1a6ab7c6aeef019b92debd,btc-updown-5m-1772323200,81715960876792788422527758885904722229420166075410575388978430362938033123768,Down,0.49,1680.88,0.5,574.88
1772317900875000,1772317900898417,polymarket,0x62c3a01373b62d830717d5fedf3289662ea3971f3b1a6ab7c6aeef019b92debd,btc-updown-5m-1772323200,81715960876792788422527758885904722229420166075410575388978430362938033123768,Down,0.49,1680.88,0.5,579.88
1772317900876000,1772317900898450,polymarket,0x62c3a01373b62d830717d5fedf3289662ea3971f3b1a6ab7c6aeef019b92debd,btc-updown-5m-1772323200,81715960876792788422527758885904722229420166075410575388978430362938033123768,Down,0.49,1685.88,0.5,579.88
1772317905166000,1772317905175383,polymarket,0x62c3a01373b62d830717d5fedf3289662ea3971f3b1a6ab7c6aeef019b92debd,btc-updown-5m-1772323200,81715960876792788422527758885904722229420166075410575388978430362938033123768,Down,0.49,1690.88,0.5,579.88
1772317905167000,1772317905176619,polymarket,0x62c3a01373b62d830717d5fedf3289662ea3971f3b1a6ab7c6aeef019b92debd,btc-updown-5m-1772323200,81715960876792788422527758885904722229420166075410575388978430362938033123768,Down,0.49,1690.88,0.5,584.88
1772317909750000,1772317909759839,polymarket,0x62c3a01373b62d830717d5fedf3289662ea3971f3b1a6ab7c6aeef019b92debd,btc-updown-5m-1772323200,81715960876792788422527758885904722229420166075410575388978430362938033123768,Down,0.49,1690.88,0.5,589.88
1772317909751000,1772317909761058,polymarket,0x62c3a01373b62d830717d5fedf3289662ea3971f3b1a6ab7c6aeef019b92debd,btc-updown-5m-1772323200,81715960876792788422527758885904722229420166075410575388978430362938033123768,Down,0.49,1695.88,0.5,589.88
1772317914196000,1772317914219319,polymarket,0x62c3a01373b62d830717d5fedf3289662ea3971f3b1a6ab7c6aeef019b92debd,btc-updown-5m-1772323200,81715960876792788422527758885904722229420166075410575388978430362938033123768,Down,0.49,1700.88,0.5,589.88
1772317914197000,1772317914219339,polymarket,0x62c3a01373b62d830717d5fedf3289662ea3971f3b1a6ab7c6aeef019b92debd,btc-updown-5m-1772323200,81715960876792788422527758885904722229420166075410575388978430362938033123768,Down,0.49,1700.88,0.5,594.88
1772317918182000,1772317918191983,polymarket,0x62c3a01373b62d830717d5fedf3289662ea3971f3b1a6ab7c6aeef019b92debd,btc-updown-5m-1772323200,81715960876792788422527758885904722229420166075410575388978430362938033123768,Down,0.49,1705.88,0.5,594.88
1772317918183000,1772317918194914,polymarket,0x62c3a01373b62d830717d5fedf3289662ea3971f3b1a6ab7c6aeef019b92debd,btc-updown-5m-1772323200,81715960876792788422527758885904722229420166075410575388978430362938033123768,Down,0.49,1705.88,0.5,599.88
1772317922077000,1772317922087144,polymarket,0x62c3a01373b62d830717d5fedf3289662ea3971f3b1a6ab7c6aeef019b92debd,btc-updown-5m-1772323200,81715960876792788422527758885904722229420166075410575388978430362938033123768,Down,0.49,1705.88,0.5,604.88
1772317922078000,1772317922087714,polymarket,0x62c3a01373b62d830717d5fedf3289662ea3971f3b1a6ab7c6aeef019b92debd,btc-updown-5m-1772323200,81715960876792788422527758885904722229420166075410575388978430362938033123768,Down,0.49,1710.88,0.5,604.88
1772317926724000,1772317926733585,polymarket,0x62c3a01373b62d830717d5fedf3289662ea3971f3b1a6ab7c6aeef019b92debd,btc-updown-5m-1772323200,81715960876792788422527758885904722229420166075410575388978430362938033123768,Down,0.49,1715.88,0.5,604.88
1772317926725000,1772317926737801,polymarket,0x62c3a01373b62d830717d5fedf3289662ea3971f3b1a6ab7c6aeef019b92debd,btc-updown-5m-1772323200,81715960876792788422527758885904722229420166075410575388978430362938033123768,Down,0.49,1715.88,0.5,609.88
1772317931023000,1772317931032873,polymarket,0x62c3a01373b62d830717d5fedf3289662ea3971f3b1a6ab7c6aeef019b92debd,btc-updown-5m-1772323200,81715960876792788422527758885904722229420166075410575388978430362938033123768,Down,0.49,1715.88,0.5,614.88
1772317931024000,1772317931034006,polymarket,0x62c3a01373b62d830717d5fedf3289662ea3971f3b1a6ab7c6aeef019b92debd,btc-updown-5m-1772323200,81715960876792788422527758885904722229420166075410575388978430362938033123768,Down,0.49,1720.88,0.5,614.88
1772317935034000,1772317935049608,polymarket,0x62c3a01373b62d830717d5fedf3289662ea3971f3b1a6ab7c6aeef019b92debd,btc-updown-5m-1772323200,81715960876792788422527758885904722229420166075410575388978430362938033123768,Down,0.49,1720.88,0.5,619.88
1772317935035000,1772317935049619,polymarket,0x62c3a01373b62d830717d5fedf3289662ea3971f3b1a6ab7c6aeef019b92debd,btc-updown-5m-1772323200,81715960876792788422527758885904722229420166075410575388978430362938033123768,Down,0.49,1725.88,0.5,619.88
1772317939745000,1772317939754828,polymarket,0x62c3a01373b62d830717d5fedf3289662ea3971f3b1a6ab7c6aeef019b92debd,btc-updown-5m-1772323200,81715960876792788422527758885904722229420166075410575388978430362938033123768,Down,0.49,1730.88,0.5,619.88
1772317939747000,1772317939756553,polymarket,0x62c3a01373b62d830717d5fedf3289662ea3971f3b1a6ab7c6aeef019b92debd,btc-updown-5m-1772323200,81715960876792788422527758885904722229420166075410575388978430362938033123768,Down,0.49,1730.88,0.5,624.88
1772318850845000,1772318850859973,polymarket,0x62c3a01373b62d830717d5fedf3289662ea3971f3b1a6ab7c6aeef019b92debd,btc-updown-5m-1772323200,81715960876792788422527758885904722229420166075410575388978430362938033123768,Down,0.49,1739.52,0.5,624.88
1772319481007000,1772319481029970,polymarket,0x62c3a01373b62d830717d5fedf3289662ea3971f3b1a6ab7c6aeef019b92debd,btc-updown-5m-1772323200,81715960876792788422527758885904722229420166075410575388978430362938033123768,Down,0.49,1239.52,0.5,624.88
1772319745507000,1772319745521736,polymarket,0x62c3a01373b62d830717d5fedf3289662ea3971f3b1a6ab7c6aeef019b92debd,btc-updown-5m-1772323200,81715960876792788422527758885904722229420166075410575388978430362938033123768,Down,0.49,1219.52,0.5,624.88
1772319745522000,1772319745534036,polymarket,0x62c3a01373b62d830717d5fedf3289662ea3971f3b1a6ab7c6aeef019b92debd,btc-updown-5m-1772323200,81715960876792788422527758885904722229420166075410575388978430362938033123768,Down,0.49,1199.52,0.5,624.88
1772319779863000,1772319779876084,polymarket,0x62c3a01373b62d830717d5fedf3289662ea3971f3b1a6ab7c6aeef019b92debd,btc-updown-5m-1772323200,81715960876792788422527758885904722229420166075410575388978430362938033123768,Down,0.49,1197.55,0.5,624.88
1772319846205000,1772319846225360,polymarket,0x62c3a01373b62d830717d5fedf3289662ea3971f3b1a6ab7c6aeef019b92debd,btc-updown-5m-1772323200,81715960876792788422527758885904722229420166075410575388978430362938033123768,Down,0.49,1197.55,0.5,604.88
1772319846251000,1772319846264285,polymarket,0x62c3a01373b62d830717d5fedf3289662ea3971f3b1a6ab7c6aeef019b92debd,btc-updown-5m-1772323200,81715960876792788422527758885904722229420166075410575388978430362938033123768,Down,0.49,1197.55,0.5,584.88
1772320121803000,1772320121812367,polymarket,0x62c3a01373b62d830717d5fedf3289662ea3971f3b1a6ab7c6aeef019b92debd,btc-updown-5m-1772323200,81715960876792788422527758885904722229420166075410575388978430362938033123768,Down,0.49,1177.55,0.5,584.88
1772320198719000,1772320198728971,polymarket,0x62c3a01373b62d830717d5fedf3289662ea3971f3b1a6ab7c6aeef019b92debd,btc-updown-5m-1772323200,81715960876792788422527758885904722229420166075410575388978430362938033123768,Down,0.49,1187.55,0.5,584.88
1772320210502000,1772320210513213,polymarket,0x62c3a01373b62d830717d5fedf3289662ea3971f3b1a6ab7c6aeef019b92debd,btc-updown-5m-1772323200,81715960876792788422527758885904722229420166075410575388978430362938033123768,Down,0.49,1187.55,0.5,564.88
1772320490009000,1772320490025129,polymarket,0x62c3a01373b62d830717d5fedf3289662ea3971f3b1a6ab7c6aeef019b92debd,btc-updown-5m-1772323200,81715960876792788422527758885904722229420166075410575388978430362938033123768,Down,0.49,1187.55,0.5,544.88
1772320701910000,1772320701923145,polymarket,0x62c3a01373b62d830717d5fedf3289662ea3971f3b1a6ab7c6aeef019b92debd,btc-updown-5m-1772323200,81715960876792788422527758885904722229420166075410575388978430362938033123768,Down,0.49,1167.55,0.5,544.88
1772320709766000,1772320709776556,polymarket,0x62c3a01373b62d830717d5fedf3289662ea3971f3b1a6ab7c6aeef019b92debd,btc-updown-5m-1772323200,81715960876792788422527758885904722229420166075410575388978430362938033123768,Down,0.49,1167.55,0.5,524.88
1772320907609000,1772320907619072,polymarket,0x62c3a01373b62d830717d5fedf3289662ea3971f3b1a6ab7c6aeef019b92debd,btc-updown-5m-1772323200,81715960876792788422527758885904722229420166075410575388978430362938033123768,Down,0.49,1069.55,0.5,524.88
1772320916199000,1772320916408685,polymarket,0x62c3a01373b62d830717d5fedf3289662ea3971f3b1a6ab7c6aeef019b92debd,btc-updown-5m-1772323200,81715960876792788422527758885904722229420166075410575388978430362938033123768,Down,0.49,1069.55,0.5,543.85
1772320919502000,1772320919512437,polymarket,0x62c3a01373b62d830717d5fedf3289662ea3971f3b1a6ab7c6aeef019b92debd,btc-updown-5m-1772323200,81715960876792788422527758885904722229420166075410575388978430362938033123768,Down,0.49,1069.55,0.5,587.85
1772320928610000,1772320928624455,polymarket,0x62c3a01373b62d830717d5fedf3289662ea3971f3b1a6ab7c6aeef019b92debd,btc-updown-5m-1772323200,81715960876792788422527758885904722229420166075410575388978430362938033123768,Down,0.49,1049.55,0.5,587.85
1772321004381000,1772321004391558,polymarket,0x62c3a01373b62d830717d5fedf3289662ea3971f3b1a6ab7c6aeef019b92debd,btc-updown-5m-1772323200,81715960876792788422527758885904722229420166075410575388978430362938033123768,Down,0.49,1049.55,0.5,620.85
1772321067914000,1772321067923065,polymarket,0x62c3a01373b62d830717d5fedf3289662ea3971f3b1a6ab7c6aeef019b92debd,btc-updown-5m-1772323200,81715960876792788422527758885904722229420166075410575388978430362938033123768,Down,0.49,1049.55,0.5,653.85
1772321375770000,1772321375783701,polymarket,0x62c3a01373b62d830717d5fedf3289662ea3971f3b1a6ab7c6aeef019b92debd,btc-updown-5m-1772323200,81715960876792788422527758885904722229420166075410575388978430362938033123768,Down,0.49,1049.55,0.5,633.85
1772321415566000,1772321415576989,polymarket,0x62c3a01373b62d830717d5fedf3289662ea3971f3b1a6ab7c6aeef019b92debd,btc-updown-5m-1772323200,81715960876792788422527758885904722229420166075410575388978430362938033123768,Down,0.49,1049.55,0.5,537.85
1772321422143000,1772321422152646,polymarket,0x62c3a01373b62d830717d5fedf3289662ea3971f3b1a6ab7c6aeef019b92debd,btc-updown-5m-1772323200,81715960876792788422527758885904722229420166075410575388978430362938033123768,Down,0.49,1059.55,0.5,537.85
1772321422275000,1772321422285254,polymarket,0x62c3a01373b62d830717d5fedf3289662ea3971f3b1a6ab7c6aeef019b92debd,btc-updown-5m-1772323200,81715960876792788422527758885904722229420166075410575388978430362938033123768,Down,0.49,1059.55,0.5,547.85
1772321470565000,1772321470584891,polymarket,0x62c3a01373b62d830717d5fedf3289662ea3971f3b1a6ab7c6aeef019b92debd,btc-updown-5m-1772323200,81715960876792788422527758885904722229420166075410575388978430362938033123768,Down,0.49,1039.55,0.5,547.85
1772321470598000,1772321470661980,polymarket,0x62c3a01373b62d830717d5fedf3289662ea3971f3b1a6ab7c6aeef019b92debd,btc-updown-5m-1772323200,81715960876792788422527758885904722229420166075410575388978430362938033123768,Down,0.49,1019.55,0.5,547.85
1772321472403000,1772321472419456,polymarket,0x62c3a01373b62d830717d5fedf3289662ea3971f3b1a6ab7c6aeef019b92debd,btc-updown-5m-1772323200,81715960876792788422527758885904722229420166075410575388978430362938033123768,Down,0.49,1019.55,0.5,527.85
1772321475771000,1772321475784154,polymarket,0x62c3a01373b62d830717d5fedf3289662ea3971f3b1a6ab7c6aeef019b92debd,btc-updown-5m-1772323200,81715960876792788422527758885904722229420166075410575388978430362938033123768,Down,0.49,1019.55,0.5,507.85
1772321658458000,1772321658472280,polymarket,0x62c3a01373b62d830717d5fedf3289662ea3971f3b1a6ab7c6aeef019b92debd,btc-updown-5m-1772323200,81715960876792788422527758885904722229420166075410575388978430362938033123768,Down,0.49,999.55,0.5,507.85
1772321658460000,1772321658472333,polymarket,0x62c3a01373b62d830717d5fedf3289662ea3971f3b1a6ab7c6aeef019b92debd,btc-updown-5m-1772323200,81715960876792788422527758885904722229420166075410575388978430362938033123768,Down,0.49,979.55,0.5,507.85
1772321898216000,1772321898229083,polymarket,0x62c3a01373b62d830717d5fedf3289662ea3971f3b1a6ab7c6aeef019b92debd,btc-updown-5m-1772323200,81715960876792788422527758885904722229420166075410575388978430362938033123768,Down,0.49,979.55,0.5,487.85
1772321898224000,1772321898238046,polymarket,0x62c3a01373b62d830717d5fedf3289662ea3971f3b1a6ab7c6aeef019b92debd,btc-updown-5m-1772323200,81715960876792788422527758885904722229420166075410575388978430362938033123768,Down,0.49,979.55,0.5,467.85
1772322187154000,1772322187163408,polymarket,0x62c3a01373b62d830717d5fedf3289662ea3971f3b1a6ab7c6aeef019b92debd,btc-updown-5m-1772323200,81715960876792788422527758885904722229420166075410575388978430362938033123768,Down,0.49,984.55,0.5,467.85
1772322241003000,1772322241021301,polymarket,0x62c3a01373b62d830717d5fedf3289662ea3971f3b1a6ab7c6aeef019b92debd,btc-updown-5m-1772323200,81715960876792788422527758885904722229420166075410575388978430362938033123768,Down,0.49,954.55,0.5,467.85
1772322283840000,1772322283850938,polymarket,0x62c3a01373b62d830717d5fedf3289662ea3971f3b1a6ab7c6aeef019b92debd,btc-updown-5m-1772323200,81715960876792788422527758885904722229420166075410575388978430362938033123768,Down,0.49,934.55,0.5,467.85
1772322302713000,1772322302722315,polymarket,0x62c3a01373b62d830717d5fedf3289662ea3971f3b1a6ab7c6aeef019b92debd,btc-updown-5m-1772323200,81715960876792788422527758885904722229420166075410575388978430362938033123768,Down,0.49,964.55,0.5,467.85
1772322303597000,1772322303950255,polymarket,0x62c3a01373b62d830717d5fedf3289662ea3971f3b1a6ab7c6aeef019b92debd,btc-updown-5m-1772323200,81715960876792788422527758885904722229420166075410575388978430362938033123768,Down,0.49,979.55,0.5,467.85
1772322320309000,1772322320322343,polymarket,0x62c3a01373b62d830717d5fedf3289662ea3971f3b1a6ab7c6aeef019b92debd,btc-updown-5m-1772323200,81715960876792788422527758885904722229420166075410575388978430362938033123768,Down,0.49,979.55,0.5,447.85
1772322321531000,1772322321541503,polymarket,0x62c3a01373b62d830717d5fedf3289662ea3971f3b1a6ab7c6aeef019b92debd,btc-updown-5m-1772323200,81715960876792788422527758885904722229420166075410575388978430362938033123768,Down,0.49,974.55,0.5,447.85
1772322334195000,1772322334205960,polymarket,0x62c3a01373b62d830717d5fedf3289662ea3971f3b1a6ab7c6aeef019b92debd,btc-updown-5m-1772323200,81715960876792788422527758885904722229420166075410575388978430362938033123768,Down,0.49,974.55,0.5,547.85
1772322336443000,1772322336456765,polymarket,0x62c3a01373b62d830717d5fedf3289662ea3971f3b1a6ab7c6aeef019b92debd,btc-updown-5m-1772323200,81715960876792788422527758885904722229420166075410575388978430362938033123768,Down,0.49,1074.55,0.5,547.85
1772322346462000,1772322346522485,polymarket,0x62c3a01373b62d830717d5fedf3289662ea3971f3b1a6ab7c6aeef019b92debd,btc-updown-5m-1772323200,81715960876792788422527758885904722229420166075410575388978430362938033123768,Down,0.49,1079.55,0.5,547.85
1772322377120000,1772322377129577,polymarket,0x62c3a01373b62d830717d5fedf3289662ea3971f3b1a6ab7c6aeef019b92debd,btc-updown-5m-1772323200,81715960876792788422527758885904722229420166075410575388978430362938033123768,Down,0.49,1079.55,0.5,577.85
1772322378002000,1772322378018416,polymarket,0x62c3a01373b62d830717d5fedf3289662ea3971f3b1a6ab7c6aeef019b92debd,btc-updown-5m-1772323200,81715960876792788422527758885904722229420166075410575388978430362938033123768,Down,0.49,1049.55,0.5,577.85
1772322431272000,1772322431281741,polymarket,0x62c3a01373b62d830717d5fedf3289662ea3971f3b1a6ab7c6aeef019b92debd,btc-updown-5m-1772323200,81715960876792788422527758885904722229420166075410575388978430362938033123768,Down,0.49,1079.55,0.5,577.85
1772322452001000,1772322452026303,polymarket,0x62c3a01373b62d830717d5fedf3289662ea3971f3b1a6ab7c6aeef019b92debd,btc-updown-5m-1772323200,81715960876792788422527758885904722229420166075410575388978430362938033123768,Down,0.49,1079.55,0.5,547.85
1772322452356000,1772322452365623,polymarket,0x62c3a01373b62d830717d5fedf3289662ea3971f3b1a6ab7c6aeef019b92debd,btc-updown-5m-1772323200,81715960876792788422527758885904722229420166075410575388978430362938033123768,Down,0.49,1079.55,0.5,577.85
1772322452594000,1772322452604176,polymarket,0x62c3a01373b62d830717d5fedf3289662ea3971f3b1a6ab7c6aeef019b92debd,btc-updown-5m-1772323200,81715960876792788422527758885904722229420166075410575388978430362938033123768,Down,0.49,1079.55,0.5,607.85
1772322506397000,1772322506406287,polymarket,0x62c3a01373b62d830717d5fedf3289662ea3971f3b1a6ab7c6aeef019b92debd,btc-updown-5m-1772323200,81715960876792788422527758885904722229420166075410575388978430362938033123768,Down,0.49,1109.55,0.5,607.85
1772322507000000,1772322507012023,polymarket,0x62c3a01373b62d830717d5fedf3289662ea3971f3b1a6ab7c6aeef019b92debd,btc-updown-5m-1772323200,81715960876792788422527758885904722229420166075410575388978430362938033123768,Down,0.49,1079.55,0.5,607.85
1772322528000000,1772322528015759,polymarket,0x62c3a01373b62d830717d5fedf3289662ea3971f3b1a6ab7c6aeef019b92debd,btc-updown-5m-1772323200,81715960876792788422527758885904722229420166075410575388978430362938033123768,Down,0.49,1079.55,0.5,547.85
1772322539519000,1772322539529861,polymarket,0x62c3a01373b62d830717d5fedf3289662ea3971f3b1a6ab7c6aeef019b92debd,btc-updown-5m-1772323200,81715960876792788422527758885904722229420166075410575388978430362938033123768,Down,0.49,1079.55,0.5,537.85
1772322547326000,1772322547336324,polymarket,0x62c3a01373b62d830717d5fedf3289662ea3971f3b1a6ab7c6aeef019b92debd,btc-updown-5m-1772323200,81715960876792788422527758885904722229420166075410575388978430362938033123768,Down,0.49,1074.55,0.5,537.85
1772322571203000,1772322571212566,polymarket,0x62c3a01373b62d830717d5fedf3289662ea3971f3b1a6ab7c6aeef019b92debd,btc-updown-5m-1772323200,81715960876792788422527758885904722229420166075410575388978430362938033123768,Down,0.49,1079.55,0.5,537.85
1772322580587000,1772322580596730,polymarket,0x62c3a01373b62d830717d5fedf3289662ea3971f3b1a6ab7c6aeef019b92debd,btc-updown-5m-1772323200,81715960876792788422527758885904722229420166075410575388978430362938033123768,Down,0.49,1079.55,0.5,567.85
1772322581484000,1772322581494313,polymarket,0x62c3a01373b62d830717d5fedf3289662ea3971f3b1a6ab7c6aeef019b92debd,btc-updown-5m-1772323200,81715960876792788422527758885904722229420166075410575388978430362938033123768,Down,0.49,1109.55,0.5,567.85
1772322582000000,1772322582015578,polymarket,0x62c3a01373b62d830717d5fedf3289662ea3971f3b1a6ab7c6aeef019b92debd,btc-updown-5m-1772323200,81715960876792788422527758885904722229420166075410575388978430362938033123768,Down,0.49,1079.55,0.5,567.85
1772322590283000,1772322590292575,polymarket,0x62c3a01373b62d830717d5fedf3289662ea3971f3b1a6ab7c6aeef019b92debd,btc-updown-5m-1772323200,81715960876792788422527758885904722229420166075410575388978430362938033123768,Down,0.49,1074.55,0.5,567.85
1772322590397000,1772322590406717,polymarket,0x62c3a01373b62d830717d5fedf3289662ea3971f3b1a6ab7c6aeef019b92debd,btc-updown-5m-1772323200,81715960876792788422527758885904722229420166075410575388978430362938033123768,Down,0.49,1079.55,0.5,567.85
1772322594206000,1772322594217681,polymarket,0x62c3a01373b62d830717d5fedf3289662ea3971f3b1a6ab7c6aeef019b92debd,btc-updown-5m-1772323200,81715960876792788422527758885904722229420166075410575388978430362938033123768,Down,0.49,1001.11,0.5,567.85
1772322599597000,1772322599606999,polymarket,0x62c3a01373b62d830717d5fedf3289662ea3971f3b1a6ab7c6aeef019b92debd,btc-updown-5m-1772323200,81715960876792788422527758885904722229420166075410575388978430362938033123768,Down,0.49,1001.11,0.5,595.84
1772322601000000,1772322601018957,polymarket,0x62c3a01373b62d830717d5fedf3289662ea3971f3b1a6ab7c6aeef019b92debd,btc-updown-5m-1772323200,81715960876792788422527758885904722229420166075410575388978430362938033123768,Down,0.49,996.11,0.5,595.84
1772322602932000,1772322603160896,polymarket,0x62c3a01373b62d830717d5fedf3289662ea3971f3b1a6ab7c6aeef019b92debd,btc-updown-5m-1772323200,81715960876792788422527758885904722229420166075410575388978430362938033123768,Down,0.49,996.11,0.5,585.84
1772322603173000,1772322603437540,polymarket,0x62c3a01373b62d830717d5fedf3289662ea3971f3b1a6ab7c6aeef019b92debd,btc-updown-5m-1772323200,81715960876792788422527758885904722229420166075410575388978430362938033123768,Down,0.49,996.11,0.5,610.84
1772322605942000,1772322605951911,polymarket,0x62c3a01373b62d830717d5fedf3289662ea3971f3b1a6ab7c6aeef019b92debd,btc-updown-5m-1772323200,81715960876792788422527758885904722229420166075410575388978430362938033123768,Down,0.49,996.11,0.5,630.84
1772322607155000,1772322607165064,polymarket,0x62c3a01373b62d830717d5fedf3289662ea3971f3b1a6ab7c6aeef019b92debd,btc-updown-5m-1772323200,81715960876792788422527758885904722229420166075410575388978430362938033123768,Down,0.49,991.11,0.5,630.84
1772322610608000,1772322610620579,polymarket,0x62c3a01373b62d830717d5fedf3289662ea3971f3b1a6ab7c6aeef019b92debd,btc-updown-5m-1772323200,81715960876792788422527758885904722229420166075410575388978430362938033123768,Down,0.49,735.11,0.5,630.84
1772322623576000,1772322623586320,polymarket,0x62c3a01373b62d830717d5fedf3289662ea3971f3b1a6ab7c6aeef019b92debd,btc-updown-5m-1772323200,81715960876792788422527758885904722229420166075410575388978430362938033123768,Down,0.49,740.11,0.5,630.84
1772322635966000,1772322635976251,polymarket,0x62c3a01373b62d830717d5fedf3289662ea3971f3b1a6ab7c6aeef019b92debd,btc-updown-5m-1772323200,81715960876792788422527758885904722229420166075410575388978430362938033123768,Down,0.49,740.11,0.5,610.84
1772322636368000,1772322636381373,polymarket,0x62c3a01373b62d830717d5fedf3289662ea3971f3b1a6ab7c6aeef019b92debd,btc-updown-5m-1772323200,81715960876792788422527758885904722229420166075410575388978430362938033123768,Down,0.49,740.11,0.5,630.84
1772322640777000,1772322640787137,polymarket,0x62c3a01373b62d830717d5fedf3289662ea3971f3b1a6ab7c6aeef019b92debd,btc-updown-5m-1772323200,81715960876792788422527758885904722229420166075410575388978430362938033123768,Down,0.49,735.11,0.5,630.84
1772322640915000,1772322640925969,polymarket,0x62c3a01373b62d830717d5fedf3289662ea3971f3b1a6ab7c6aeef019b92debd,btc-updown-5m-1772323200,81715960876792788422527758885904722229420166075410575388978430362938033123768,Down,0.49,740.11,0.5,630.84
1772322650655000,1772322650664703,polymarket,0x62c3a01373b62d830717d5fedf3289662ea3971f3b1a6ab7c6aeef019b92debd,btc-updown-5m-1772323200,81715960876792788422527758885904722229420166075410575388978430362938033123768,Down,0.49,740.11,0.5,645.84
1772322655665000,1772322655674944,polymarket,0x62c3a01373b62d830717d5fedf3289662ea3971f3b1a6ab7c6aeef019b92debd,btc-updown-5m-1772323200,81715960876792788422527758885904722229420166075410575388978430362938033123768,Down,0.49,740.11,0.5,675.84
1772322656000000,1772322656012105,polymarket,0x62c3a01373b62d830717d5fedf3289662ea3971f3b1a6ab7c6aeef019b92debd,btc-updown-5m-1772323200,81715960876792788422527758885904722229420166075410575388978430362938033123768,Down,0.49,740.11,0.5,645.84
1772322656755000,1772322656780134,polymarket,0x62c3a01373b62d830717d5fedf3289662ea3971f3b1a6ab7c6aeef019b92debd,btc-updown-5m-1772323200,81715960876792788422527758885904722229420166075410575388978430362938033123768,Down,0.49,770.11,0.5,645.84
1772322657003000,1772322657022074,polymarket,0x62c3a01373b62d830717d5fedf3289662ea3971f3b1a6ab7c6aeef019b92debd,btc-updown-5m-1772323200,81715960876792788422527758885904722229420166075410575388978430362938033123768,Down,0.49,740.11,0.5,645.84
1772322657014000,1772322657024257,polymarket,0x62c3a01373b62d830717d5fedf3289662ea3971f3b1a6ab7c6aeef019b92debd,btc-updown-5m-1772323200,81715960876792788422527758885904722229420166075410575388978430362938033123768,Down,0.49,770.11,0.5,645.84
1772322657467000,1772322657477436,polymarket,0x62c3a01373b62d830717d5fedf3289662ea3971f3b1a6ab7c6aeef019b92debd,btc-updown-5m-1772323200,81715960876792788422527758885904722229420166075410575388978430362938033123768,Down,0.49,765.11,0.5,645.84
1772322682437000,1772322682447510,polymarket,0x62c3a01373b62d830717d5fedf3289662ea3971f3b1a6ab7c6aeef019b92debd,btc-updown-5m-1772323200,81715960876792788422527758885904722229420166075410575388978430362938033123768,Down,0.49,765.11,0.5,630.84
1772322697680000,1772322697689279,polymarket,0x62c3a01373b62d830717d5fedf3289662ea3971f3b1a6ab7c6aeef019b92debd,btc-updown-5m-1772323200,81715960876792788422527758885904722229420166075410575388978430362938033123768,Down,0.49,765.11,0.5,610.84
1772322699289000,1772322699303409,polymarket,0x62c3a01373b62d830717d5fedf3289662ea3971f3b1a6ab7c6aeef019b92debd,btc-updown-5m-1772323200,81715960876792788422527758885904722229420166075410575388978430362938033123768,Down,0.49,765.11,0.5,630.84
1772322721439000,1772322721449581,polymarket,0x62c3a01373b62d830717d5fedf3289662ea3971f3b1a6ab7c6aeef019b92debd,btc-updown-5m-1772323200,81715960876792788422527758885904722229420166075410575388978430362938033123768,Down,0.49,761.18,0.5,630.84
1772322731000000,1772322731012099,polymarket,0x62c3a01373b62d830717d5fedf3289662ea3971f3b1a6ab7c6aeef019b92debd,btc-updown-5m-1772323200,81715960876792788422527758885904722229420166075410575388978430362938033123768,Down,0.49,761.18,0.5,600.84
1772322732012000,1772322732027909,polymarket,0x62c3a01373b62d830717d5fedf3289662ea3971f3b1a6ab7c6aeef019b92debd,btc-updown-5m-1772323200,81715960876792788422527758885904722229420166075410575388978430362938033123768,Down,0.49,701.18,0.5,600.84
1772322732160000,1772322732172972,polymarket,0x62c3a01373b62d830717d5fedf3289662ea3971f3b1a6ab7c6aeef019b92debd,btc-updown-5m-1772323200,81715960876792788422527758885904722229420166075410575388978430362938033123768,Down,0.49,731.18,0.5,600.84
1772322732340000,1772322732349509,polymarket,0x62c3a01373b62d830717d5fedf3289662ea3971f3b1a6ab7c6aeef019b92debd,btc-updown-5m-1772323200,81715960876792788422527758885904722229420166075410575388978430362938033123768,Down,0.49,761.18,0.5,600.84
1772322735791000,1772322735836155,polymarket,0x62c3a01373b62d830717d5fedf3289662ea3971f3b1a6ab7c6aeef019b92debd,btc-updown-5m-1772323200,81715960876792788422527758885904722229420166075410575388978430362938033123768,Down,0.49,761.18,0.5,615.84
1772322751984000,1772322751993965,polymarket,0x62c3a01373b62d830717d5fedf3289662ea3971f3b1a6ab7c6aeef019b92debd,btc-updown-5m-1772323200,81715960876792788422527758885904722229420166075410575388978430362938033123768,Down,0.49,761.18,0.5,645.84
1772322755707000,1772322755727101,polymarket,0x62c3a01373b62d830717d5fedf3289662ea3971f3b1a6ab7c6aeef019b92debd,btc-updown-5m-1772323200,81715960876792788422527758885904722229420166075410575388978430362938033123768,Down,0.49,766.18,0.5,645.84
1772322759398000,1772322759408123,polymarket,0x62c3a01373b62d830717d5fedf3289662ea3971f3b1a6ab7c6aeef019b92debd,btc-updown-5m-1772323200,81715960876792788422527758885904722229420166075410575388978430362938033123768,Down,0.49,766.18,0.5,625.84
1772322760275000,1772322760284697,polymarket,0x62c3a01373b62d830717d5fedf3289662ea3971f3b1a6ab7c6aeef019b92debd,btc-updown-5m-1772323200,81715960876792788422527758885904722229420166075410575388978430362938033123768,Down,0.49,766.18,0.5,645.84
1772322762437000,1772322762446645,polymarket,0x62c3a01373b62d830717d5fedf3289662ea3971f3b1a6ab7c6aeef019b92debd,btc-updown-5m-1772323200,81715960876792788422527758885904722229420166075410575388978430362938033123768,Down,0.49,766.18,0.5,630.84
1772322778385000,1772322778397301,polymarket,0x62c3a01373b62d830717d5fedf3289662ea3971f3b1a6ab7c6aeef019b92debd,btc-updown-5m-1772323200,81715960876792788422527758885904722229420166075410575388978430362938033123768,Down,0.49,766.18,0.5,550.84
1772322808000000,1772322808014029,polymarket,0x62c3a01373b62d830717d5fedf3289662ea3971f3b1a6ab7c6aeef019b92debd,btc-updown-5m-1772323200,81715960876792788422527758885904722229420166075410575388978430362938033123768,Down,0.49,706.18,0.5,550.84
1772322824292000,1772322824301486,polymarket,0x62c3a01373b62d830717d5fedf3289662ea3971f3b1a6ab7c6aeef019b92debd,btc-updown-5m-1772323200,81715960876792788422527758885904722229420166075410575388978430362938033123768,Down,0.49,706.18,0.5,565.84
1772322826093000,1772322826102920,polymarket,0x62c3a01373b62d830717d5fedf3289662ea3971f3b1a6ab7c6aeef019b92debd,btc-updown-5m-1772323200,81715960876792788422527758885904722229420166075410575388978430362938033123768,Down,0.49,706.18,0.5,545.84
1772322826886000,1772322826898889,polymarket,0x62c3a01373b62d830717d5fedf3289662ea3971f3b1a6ab7c6aeef019b92debd,btc-updown-5m-1772323200,81715960876792788422527758885904722229420166075410575388978430362938033123768,Down,0.49,706.18,0.5,565.84
1772322827005000,1772322827049616,polymarket,0x62c3a01373b62d830717d5fedf3289662ea3971f3b1a6ab7c6aeef019b92debd,btc-updown-5m-1772323200,81715960876792788422527758885904722229420166075410575388978430362938033123768,Down,0.49,706.18,0.5,535.84
1772322827162000,1772322827172328,polymarket,0x62c3a01373b62d830717d5fedf3289662ea3971f3b1a6ab7c6aeef019b92debd,btc-updown-5m-1772323200,81715960876792788422527758885904722229420166075410575388978430362938033123768,Down,0.49,706.18,0.5,565.84
1772322841011000,1772322841027661,polymarket,0x62c3a01373b62d830717d5fedf3289662ea3971f3b1a6ab7c6aeef019b92debd,btc-updown-5m-1772323200,81715960876792788422527758885904722229420166075410575388978430362938033123768,Down,0.49,661.18,0.5,565.84
1772322841565000,1772322841577780,polymarket,0x62c3a01373b62d830717d5fedf3289662ea3971f3b1a6ab7c6aeef019b92debd,btc-updown-5m-1772323200,81715960876792788422527758885904722229420166075410575388978430362938033123768,Down,0.49,850.18,0.5,565.84
1772322851697000,1772322851706875,polymarket,0x62c3a01373b62d830717d5fedf3289662ea3971f3b1a6ab7c6aeef019b92debd,btc-updown-5m-1772323200,81715960876792788422527758885904722229420166075410575388978430362938033123768,Down,0.49,880.18,0.5,565.84
1772322852250000,1772322852259986,polymarket,0x62c3a01373b62d830717d5fedf3289662ea3971f3b1a6ab7c6aeef019b92debd,btc-updown-5m-1772323200,81715960876792788422527758885904722229420166075410575388978430362938033123768,Down,0.49,910.18,0.5,565.84
1772322852437000,1772322852448197,polymarket,0x62c3a01373b62d830717d5fedf3289662ea3971f3b1a6ab7c6aeef019b92debd,btc-updown-5m-1772323200,81715960876792788422527758885904722229420166075410575388978430362938033123768,Down,0.49,910.18,0.5,550.84
1772322887590000,1772322887599901,polymarket,0x62c3a01373b62d830717d5fedf3289662ea3971f3b1a6ab7c6aeef019b92debd,btc-updown-5m-1772323200,81715960876792788422527758885904722229420166075410575388978430362938033123768,Down,0.49,910.18,0.5,530.84
1772322888350000,1772322888360952,polymarket,0x62c3a01373b62d830717d5fedf3289662ea3971f3b1a6ab7c6aeef019b92debd,btc-updown-5m-1772323200,81715960876792788422527758885904722229420166075410575388978430362938033123768,Down,0.49,910.18,0.5,550.84
1772322902246000,1772322902258962,polymarket,0x62c3a01373b62d830717d5fedf3289662ea3971f3b1a6ab7c6aeef019b92debd,btc-updown-5m-1772323200,81715960876792788422527758885904722229420166075410575388978430362938033123768,Down,0.49,915.27,0.5,550.84
1772322902324000,1772322902394262,polymarket,0x62c3a01373b62d830717d5fedf3289662ea3971f3b1a6ab7c6aeef019b92debd,btc-updown-5m-1772323200,81715960876792788422527758885904722229420166075410575388978430362938033123768,Down,0.49,915.27,0.5,580.84
1772322903000000,1772322903153495,polymarket,0x62c3a01373b62d830717d5fedf3289662ea3971f3b1a6ab7c6aeef019b92debd,btc-updown-5m-1772323200,81715960876792788422527758885904722229420166075410575388978430362938033123768,Down,0.49,915.27,0.5,550.84
1772322903818000,1772322903828558,polymarket,0x62c3a01373b62d830717d5fedf3289662ea3971f3b1a6ab7c6aeef019b92debd,btc-updown-5m-1772323200,81715960876792788422527758885904722229420166075410575388978430362938033123768,Down,0.49,925.27,0.5,550.84
1772322904321000,1772322904331080,polymarket,0x62c3a01373b62d830717d5fedf3289662ea3971f3b1a6ab7c6aeef019b92debd,btc-updown-5m-1772323200,81715960876792788422527758885904722229420166075410575388978430362938033123768,Down,0.49,925.27,0.5,548.76
1772322909674000,1772322909699352,polymarket,0x62c3a01373b62d830717d5fedf3289662ea3971f3b1a6ab7c6aeef019b92debd,btc-updown-5m-1772323200,81715960876792788422527758885904722229420166075410575388978430362938033123768,Down,0.49,944.27,0.5,548.76
1772322910484000,1772322910500140,polymarket,0x62c3a01373b62d830717d5fedf3289662ea3971f3b1a6ab7c6aeef019b92debd,btc-updown-5m-1772323200,81715960876792788422527758885904722229420166075410575388978430362938033123768,Down,0.49,944.27,0.5,542.76
1772322911781000,1772322911790669,polymarket,0x62c3a01373b62d830717d5fedf3289662ea3971f3b1a6ab7c6aeef019b92debd,btc-updown-5m-1772323200,81715960876792788422527758885904722229420166075410575388978430362938033123768,Down,0.49,949.27,0.5,542.76
1772322915148000,1772322915160212,polymarket,0x62c3a01373b62d830717d5fedf3289662ea3971f3b1a6ab7c6aeef019b92debd,btc-updown-5m-1772323200,81715960876792788422527758885904722229420166075410575388978430362938033123768,Down,0.49,939.47,0.5,542.76
1772322915323000,1772322915334610,polymarket,0x62c3a01373b62d830717d5fedf3289662ea3971f3b1a6ab7c6aeef019b92debd,btc-updown-5m-1772323200,81715960876792788422527758885904722229420166075410575388978430362938033123768,Down,0.49,930.68,0.5,542.76
1772322917482000,1772322917493242,polymarket,0x62c3a01373b62d830717d5fedf3289662ea3971f3b1a6ab7c6aeef019b92debd,btc-updown-5m-1772323200,81715960876792788422527758885904722229420166075410575388978430362938033123768,Down,0.49,921.89,0.5,542.76
1772322920184000,1772322920195627,polymarket,0x62c3a01373b62d830717d5fedf3289662ea3971f3b1a6ab7c6aeef019b92debd,btc-updown-5m-1772323200,81715960876792788422527758885904722229420166075410575388978430362938033123768,Down,0.49,921.89,0.5,510.36
1772322927002000,1772322927017006,polymarket,0x62c3a01373b62d830717d5fedf3289662ea3971f3b1a6ab7c6aeef019b92debd,btc-updown-5m-1772323200,81715960876792788422527758885904722229420166075410575388978430362938033123768,Down,0.49,891.89,0.5,510.36
1772322927245000,1772322927256604,polymarket,0x62c3a01373b62d830717d5fedf3289662ea3971f3b1a6ab7c6aeef019b92debd,btc-updown-5m-1772323200,81715960876792788422527758885904722229420166075410575388978430362938033123768,Down,0.49,891.89,0.5,560.36
1772322928000000,1772322928016102,polymarket,0x62c3a01373b62d830717d5fedf3289662ea3971f3b1a6ab7c6aeef019b92debd,btc-updown-5m-1772323200,81715960876792788422527758885904722229420166075410575388978430362938033123768,Down,0.49,861.89,0.5,560.36
1772322938348000,1772322938359011,polymarket,0x62c3a01373b62d830717d5fedf3289662ea3971f3b1a6ab7c6aeef019b92debd,btc-updown-5m-1772323200,81715960876792788422527758885904722229420166075410575388978430362938033123768,Down,0.49,861.89,0.5,510.36
1772322950171000,1772322950181149,polymarket,0x62c3a01373b62d830717d5fedf3289662ea3971f3b1a6ab7c6aeef019b92debd,btc-updown-5m-1772323200,81715960876792788422527758885904722229420166075410575388978430362938033123768,Down,0.49,861.89,0.5,490.36
1772322950965000,1772322950976431,polymarket,0x62c3a01373b62d830717d5fedf3289662ea3971f3b1a6ab7c6aeef019b92debd,btc-updown-5m-1772323200,81715960876792788422527758885904722229420166075410575388978430362938033123768,Down,0.49,861.89,0.5,510.36
1772322959656000,1772322959669252,polymarket,0x62c3a01373b62d830717d5fedf3289662ea3971f3b1a6ab7c6aeef019b92debd,btc-updown-5m-1772323200,81715960876792788422527758885904722229420166075410575388978430362938033123768,Down,0.49,861.89,0.5,560.36
1772322961404000,1772322961449189,polymarket,0x62c3a01373b62d830717d5fedf3289662ea3971f3b1a6ab7c6aeef019b92debd,btc-updown-5m-1772323200,81715960876792788422527758885904722229420166075410575388978430362938033123768,Down,0.49,861.89,0.5,483.16
1772322962314000,1772322962324490,polymarket,0x62c3a01373b62d830717d5fedf3289662ea3971f3b1a6ab7c6aeef019b92debd,btc-updown-5m-1772323200,81715960876792788422527758885904722229420166075410575388978430362938033123768,Down,0.49,861.89,0.5,503.16
1772322963803000,1772322963815694,polymarket,0x62c3a01373b62d830717d5fedf3289662ea3971f3b1a6ab7c6aeef019b92debd,btc-updown-5m-1772323200,81715960876792788422527758885904722229420166075410575388978430362938033123768,Down,0.49,861.89,0.5,508.16
1772322963911000,1772322963922785,polymarket,0x62c3a01373b62d830717d5fedf3289662ea3971f3b1a6ab7c6aeef019b92debd,btc-updown-5m-1772323200,81715960876792788422527758885904722229420166075410575388978430362938033123768,Down,0.49,861.89,0.5,506.16
1772322965675000,1772322965686818,polymarket,0x62c3a01373b62d830717d5fedf3289662ea3971f3b1a6ab7c6aeef019b92debd,btc-updown-5m-1772323200,81715960876792788422527758885904722229420166075410575388978430362938033123768,Down,0.49,861.89,0.5,490.92
1772322971296000,1772322971305899,polymarket,0x62c3a01373b62d830717d5fedf3289662ea3971f3b1a6ab7c6aeef019b92debd,btc-updown-5m-1772323200,81715960876792788422527758885904722229420166075410575388978430362938033123768,Down,0.49,891.89,0.5,490.92
1772322971891000,1772322971905600,polymarket,0x62c3a01373b62d830717d5fedf3289662ea3971f3b1a6ab7c6aeef019b92debd,btc-updown-5m-1772323200,81715960876792788422527758885904722229420166075410575388978430362938033123768,Down,0.49,813.14,0.5,490.92
1772322972023000,1772322972033528,polymarket,0x62c3a01373b62d830717d5fedf3289662ea3971f3b1a6ab7c6aeef019b92debd,btc-updown-5m-1772323200,81715960876792788422527758885904722229420166075410575388978430362938033123768,Down,0.49,813.14,0.5,440.92
1772322972766000,1772322972777842,polymarket,0x62c3a01373b62d830717d5fedf3289662ea3971f3b1a6ab7c6aeef019b92debd,btc-updown-5m-1772323200,81715960876792788422527758885904722229420166075410575388978430362938033123768,Down,0.49,813.14,0.5,426.92
1772322977415000,1772322977441398,polymarket,0x62c3a01373b62d830717d5fedf3289662ea3971f3b1a6ab7c6aeef019b92debd,btc-updown-5m-1772323200,81715960876792788422527758885904722229420166075410575388978430362938033123768,Down,0.49,813.14,0.5,456.92
1772322978000000,1772322978019635,polymarket,0x62c3a01373b62d830717d5fedf3289662ea3971f3b1a6ab7c6aeef019b92debd,btc-updown-5m-1772323200,81715960876792788422527758885904722229420166075410575388978430362938033123768,Down,0.49,813.14,0.5,426.92
1772322991421000,1772322991440710,polymarket,0x62c3a01373b62d830717d5fedf3289662ea3971f3b1a6ab7c6aeef019b92debd,btc-updown-5m-1772323200,81715960876792788422527758885904722229420166075410575388978430362938033123768,Down,0.49,813.14,0.5,306.92
1772322997384000,1772322997395289,polymarket,0x62c3a01373b62d830717d5fedf3289662ea3971f3b1a6ab7c6aeef019b92debd,btc-updown-5m-1772323200,81715960876792788422527758885904722229420166075410575388978430362938033123768,Down,0.49,813.14,0.5,246.92
1772323012085000,1772323012094150,polymarket,0x62c3a01373b62d830717d5fedf3289662ea3971f3b1a6ab7c6aeef019b92debd,btc-updown-5m-1772323200,81715960876792788422527758885904722229420166075410575388978430362938033123768,Down,0.49,813.14,0.5,226.92
1772323012889000,1772323012898730,polymarket,0x62c3a01373b62d830717d5fedf3289662ea3971f3b1a6ab7c6aeef019b92debd,btc-updown-5m-1772323200,81715960876792788422527758885904722229420166075410575388978430362938033123768,Down,0.49,813.14,0.5,246.92
1772323021000000,1772323021025148,polymarket,0x62c3a01373b62d830717d5fedf3289662ea3971f3b1a6ab7c6aeef019b92debd,btc-updown-5m-1772323200,81715960876792788422527758885904722229420166075410575388978430362938033123768,Down,0.49,743.14,0.5,246.92
1772323021157000,1772323021169944,polymarket,0x62c3a01373b62d830717d5fedf3289662ea3971f3b1a6ab7c6aeef019b92debd,btc-updown-5m-1772323200,81715960876792788422527758885904722229420166075410575388978430362938033123768,Down,0.49,741.39,0.5,246.92
1772323028074000,1772323028086678,polymarket,0x62c3a01373b62d830717d5fedf3289662ea3971f3b1a6ab7c6aeef019b92debd,btc-updown-5m-1772323200,81715960876792788422527758885904722229420166075410575388978430362938033123768,Down,0.49,741.39,0.5,244.92
1772323038254000,1772323038263773,polymarket,0x62c3a01373b62d830717d5fedf3289662ea3971f3b1a6ab7c6aeef019b92debd,btc-updown-5m-1772323200,81715960876792788422527758885904722229420166075410575388978430362938033123768,Down,0.49,741.39,0.5,294.92
1772323039872000,1772323039884185,polymarket,0x62c3a01373b62d830717d5fedf3289662ea3971f3b1a6ab7c6aeef019b92debd,btc-updown-5m-1772323200,81715960876792788422527758885904722229420166075410575388978430362938033123768,Down,0.49,749.4,0.5,294.92
1772323046599000,1772323046609974,polymarket,0x62c3a01373b62d830717d5fedf3289662ea3971f3b1a6ab7c6aeef019b92debd,btc-updown-5m-1772323200,81715960876792788422527758885904722229420166075410575388978430362938033123768,Down,0.49,779.4,0.5,294.92
1772323047004000,1772323047021386,polymarket,0x62c3a01373b62d830717d5fedf3289662ea3971f3b1a6ab7c6aeef019b92debd,btc-updown-5m-1772323200,81715960876792788422527758885904722229420166075410575388978430362938033123768,Down,0.49,749.4,0.5,294.92
1772323050134000,1772323050148705,polymarket,0x62c3a01373b62d830717d5fedf3289662ea3971f3b1a6ab7c6aeef019b92debd,btc-updown-5m-1772323200,81715960876792788422527758885904722229420166075410575388978430362938033123768,Down,0.49,739.59,0.5,294.92
1772323052203000,1772323052216117,polymarket,0x62c3a01373b62d830717d5fedf3289662ea3971f3b1a6ab7c6aeef019b92debd,btc-updown-5m-1772323200,81715960876792788422527758885904722229420166075410575388978430362938033123768,Down,0.49,739.59,0.5,290.92
1772323053000000,1772323053411972,polymarket,0x62c3a01373b62d830717d5fedf3289662ea3971f3b1a6ab7c6aeef019b92debd,btc-updown-5m-1772323200,81715960876792788422527758885904722229420166075410575388978430362938033123768,Down,0.49,739.59,0.5,260.92
1772323054278000,1772323054289509,polymarket,0x62c3a01373b62d830717d5fedf3289662ea3971f3b1a6ab7c6aeef019b92debd,btc-updown-5m-1772323200,81715960876792788422527758885904722229420166075410575388978430362938033123768,Down,0.49,739.59,0.5,210.92
1772323055380000,1772323055389707,polymarket,0x62c3a01373b62d830717d5fedf3289662ea3971f3b1a6ab7c6aeef019b92debd,btc-updown-5m-1772323200,81715960876792788422527758885904722229420166075410575388978430362938033123768,Down,0.49,739.59,0.5,240.92
1772323058703000,1772323058713552,polymarket,0x62c3a01373b62d830717d5fedf3289662ea3971f3b1a6ab7c6aeef019b92debd,btc-updown-5m-1772323200,81715960876792788422527758885904722229420166075410575388978430362938033123768,Down,0.49,739.59,0.5,250.92
1772323059093000,1772323059104624,polymarket,0x62c3a01373b62d830717d5fedf3289662ea3971f3b1a6ab7c6aeef019b92debd,btc-updown-5m-1772323200,81715960876792788422527758885904722229420166075410575388978430362938033123768,Down,0.49,729.59,0.5,250.92
1772323060233000,1772323060244152,polymarket,0x62c3a01373b62d830717d5fedf3289662ea3971f3b1a6ab7c6aeef019b92debd,btc-updown-5m-1772323200,81715960876792788422527758885904722229420166075410575388978430362938033123768,Down,0.49,729.59,0.5,240.92
1772323069441000,1772323069451862,polymarket,0x62c3a01373b62d830717d5fedf3289662ea3971f3b1a6ab7c6aeef019b92debd,btc-updown-5m-1772323200,81715960876792788422527758885904722229420166075410575388978430362938033123768,Down,0.49,727.62,0.5,240.92
1772323075838000,1772323075849842,polymarket,0x62c3a01373b62d830717d5fedf3289662ea3971f3b1a6ab7c6aeef019b92debd,btc-updown-5m-1772323200,81715960876792788422527758885904722229420166075410575388978430362938033123768,Down,0.49,721.73,0.5,240.92
1772323077988000,1772323077997898,polymarket,0x62c3a01373b62d830717d5fedf3289662ea3971f3b1a6ab7c6aeef019b92debd,btc-updown-5m-1772323200,81715960876792788422527758885904722229420166075410575388978430362938033123768,Down,0.49,721.73,0.5,230.92
1772323078706000,1772323078719087,polymarket,0x62c3a01373b62d830717d5fedf3289662ea3971f3b1a6ab7c6aeef019b92debd,btc-updown-5m-1772323200,81715960876792788422527758885904722229420166075410575388978430362938033123768,Down,0.49,711.73,0.5,230.92
1772323079447000,1772323079459180,polymarket,0x62c3a01373b62d830717d5fedf3289662ea3971f3b1a6ab7c6aeef019b92debd,btc-updown-5m-1772323200,81715960876792788422527758885904722229420166075410575388978430362938033123768,Down,0.49,711.73,0.5,210.92
1772323080157000,1772323080166816,polymarket,0x62c3a01373b62d830717d5fedf3289662ea3971f3b1a6ab7c6aeef019b92debd,btc-updown-5m-1772323200,81715960876792788422527758885904722229420166075410575388978430362938033123768,Down,0.49,711.73,0.5,230.92
1772323093042000,1772323093052852,polymarket,0x62c3a01373b62d830717d5fedf3289662ea3971f3b1a6ab7c6aeef019b92debd,btc-updown-5m-1772323200,81715960876792788422527758885904722229420166075410575388978430362938033123768,Down,0.49,711.73,0.5,280.92
1772323103935000,1772323103945562,polymarket,0x62c3a01373b62d830717d5fedf3289662ea3971f3b1a6ab7c6aeef019b92debd,btc-updown-5m-1772323200,81715960876792788422527758885904722229420166075410575388978430362938033123768,Down,0.49,711.73,0.5,230.92
1772323109678000,1772323109689722,polymarket,0x62c3a01373b62d830717d5fedf3289662ea3971f3b1a6ab7c6aeef019b92debd,btc-updown-5m-1772323200,81715960876792788422527758885904722229420166075410575388978430362938033123768,Down,0.49,711.73,0.5,730.92
1772323121779000,1772323121795904,polymarket,0x62c3a01373b62d830717d5fedf3289662ea3971f3b1a6ab7c6aeef019b92debd,btc-updown-5m-1772323200,81715960876792788422527758885904722229420166075410575388978430362938033123768,Down,0.49,741.73,0.5,730.92
1772323122004000,1772323122359731,polymarket,0x62c3a01373b62d830717d5fedf3289662ea3971f3b1a6ab7c6aeef019b92debd,btc-updown-5m-1772323200,81715960876792788422527758885904722229420166075410575388978430362938033123768,Down,0.49,711.73,0.5,730.92
1772323126854000,1772323126863215,polymarket,0x62c3a01373b62d830717d5fedf3289662ea3971f3b1a6ab7c6aeef019b92debd,btc-updown-5m-1772323200,81715960876792788422527758885904722229420166075410575388978430362938033123768,Down,0.49,711.73,0.5,780.92
1772323130527000,1772323130536666,polymarket,0x62c3a01373b62d830717d5fedf3289662ea3971f3b1a6ab7c6aeef019b92debd,btc-updown-5m-1772323200,81715960876792788422527758885904722229420166075410575388978430362938033123768,Down,0.49,711.73,0.5,810.92
1772323130979000,1772323130988907,polymarket,0x62c3a01373b62d830717d5fedf3289662ea3971f3b1a6ab7c6aeef019b92debd,btc-updown-5m-1772323200,81715960876792788422527758885904722229420166075410575388978430362938033123768,Down,0.49,716.73,0.5,810.92
1772323131000000,1772323131017397,polymarket,0x62c3a01373b62d830717d5fedf3289662ea3971f3b1a6ab7c6aeef019b92debd,btc-updown-5m-1772323200,81715960876792788422527758885904722229420166075410575388978430362938033123768,Down,0.49,716.73,0.5,780.92
1772323134205000,1772323134217057,polymarket,0x62c3a01373b62d830717d5fedf3289662ea3971f3b1a6ab7c6aeef019b92debd,btc-updown-5m-1772323200,81715960876792788422527758885904722229420166075410575388978430362938033123768,Down,0.49,716.73,0.5,736.92
1772323135342000,1772323135352767,polymarket,0x62c3a01373b62d830717d5fedf3289662ea3971f3b1a6ab7c6aeef019b92debd,btc-updown-5m-1772323200,81715960876792788422527758885904722229420166075410575388978430362938033123768,Down,0.49,716.73,0.5,686.92
1772323138529000,1772323138540793,polymarket,0x62c3a01373b62d830717d5fedf3289662ea3971f3b1a6ab7c6aeef019b92debd,btc-updown-5m-1772323200,81715960876792788422527758885904722229420166075410575388978430362938033123768,Down,0.49,716.73,0.5,679.46
1772323141574000,1772323141584397,polymarket,0x62c3a01373b62d830717d5fedf3289662ea3971f3b1a6ab7c6aeef019b92debd,btc-updown-5m-1772323200,81715960876792788422527758885904722229420166075410575388978430362938033123768,Down,0.49,716.73,0.5,684.46
1772323142678000,1772323142687790,polymarket,0x62c3a01373b62d830717d5fedf3289662ea3971f3b1a6ab7c6aeef019b92debd,btc-updown-5m-1772323200,81715960876792788422527758885904722229420166075410575388978430362938033123768,Down,0.49,716.73,0.5,664.46
1772323143448000,1772323143458134,polymarket,0x62c3a01373b62d830717d5fedf3289662ea3971f3b1a6ab7c6aeef019b92debd,btc-updown-5m-1772323200,81715960876792788422527758885904722229420166075410575388978430362938033123768,Down,0.49,716.73,0.5,684.46
1772323143541000,1772323143551597,polymarket,0x62c3a01373b62d830717d5fedf3289662ea3971f3b1a6ab7c6aeef019b92debd,btc-updown-5m-1772323200,81715960876792788422527758885904722229420166075410575388978430362938033123768,Down,0.49,716.73,0.5,596.23
1772323144004000,1772323144020067,polymarket,0x62c3a01373b62d830717d5fedf3289662ea3971f3b1a6ab7c6aeef019b92debd,btc-updown-5m-1772323200,81715960876792788422527758885904722229420166075410575388978430362938033123768,Down,0.49,711.73,0.5,596.23
1772323145003000,1772323145013516,polymarket,0x62c3a01373b62d830717d5fedf3289662ea3971f3b1a6ab7c6aeef019b92debd,btc-updown-5m-1772323200,81715960876792788422527758885904722229420166075410575388978430362938033123768,Down,0.49,711.73,0.5,556.23
1772323151139000,1772323151150016,polymarket,0x62c3a01373b62d830717d5fedf3289662ea3971f3b1a6ab7c6aeef019b92debd,btc-updown-5m-1772323200,81715960876792788422527758885904722229420166075410575388978430362938033123768,Down,0.49,707.8,0.5,556.23
1772323152102000,1772323152113280,polymarket,0x62c3a01373b62d830717d5fedf3289662ea3971f3b1a6ab7c6aeef019b92debd,btc-updown-5m-1772323200,81715960876792788422527758885904722229420166075410575388978430362938033123768,Down,0.49,707.8,0.5,551.24
1772323155169000,1772323155179955,polymarket,0x62c3a01373b62d830717d5fedf3289662ea3971f3b1a6ab7c6aeef019b92debd,btc-updown-5m-1772323200,81715960876792788422527758885904722229420166075410575388978430362938033123768,Down,0.49,707.8,0.5,545.24
1772323160528000,1772323160537416,polymarket,0x62c3a01373b62d830717d5fedf3289662ea3971f3b1a6ab7c6aeef019b92debd,btc-updown-5m-1772323200,81715960876792788422527758885904722229420166075410575388978430362938033123768,Down,0.49,697.8,0.5,545.24
1772323166867000,1772323166972390,polymarket,0x62c3a01373b62d830717d5fedf3289662ea3971f3b1a6ab7c6aeef019b92debd,btc-updown-5m-1772323200,81715960876792788422527758885904722229420166075410575388978430362938033123768,Down,0.49,687.99,0.5,545.24
1772323168446000,1772323168460768,polymarket,0x62c3a01373b62d830717d5fedf3289662ea3971f3b1a6ab7c6aeef019b92debd,btc-updown-5m-1772323200,81715960876792788422527758885904722229420166075410575388978430362938033123768,Down,0.49,687.99,0.5,525.24
1772323171048000,1772323171063338,polymarket,0x62c3a01373b62d830717d5fedf3289662ea3971f3b1a6ab7c6aeef019b92debd,btc-updown-5m-1772323200,81715960876792788422527758885904722229420166075410575388978430362938033123768,Down,0.49,393.87,0.5,525.24
1772323174592000,1772323174601540,polymarket,0x62c3a01373b62d830717d5fedf3289662ea3971f3b1a6ab7c6aeef019b92debd,btc-updown-5m-1772323200,81715960876792788422527758885904722229420166075410575388978430362938033123768,Down,0.49,388.87,0.5,525.24
1772323179948000,1772323179963762,polymarket,0x62c3a01373b62d830717d5fedf3289662ea3971f3b1a6ab7c6aeef019b92debd,btc-updown-5m-1772323200,81715960876792788422527758885904722229420166075410575388978430362938033123768,Down,0.49,381.02,0.5,525.24
1772323180183000,1772323180194907,polymarket,0x62c3a01373b62d830717d5fedf3289662ea3971f3b1a6ab7c6aeef019b92debd,btc-updown-5m-1772323200,81715960876792788422527758885904722229420166075410575388978430362938033123768,Down,0.49,361.41,0.5,525.24
1772323180408000,1772323180419244,polymarket,0x62c3a01373b62d830717d5fedf3289662ea3971f3b1a6ab7c6aeef019b92debd,btc-updown-5m-1772323200,81715960876792788422527758885904722229420166075410575388978430362938033123768,Down,0.49,341.8,0.5,525.24
1772323182239000,1772323182252102,polymarket,0x62c3a01373b62d830717d5fedf3289662ea3971f3b1a6ab7c6aeef019b92debd,btc-updown-5m-1772323200,81715960876792788422527758885904722229420166075410575388978430362938033123768,Down,0.49,341.8,0.5,523.24
1772323187470000,1772323187483996,polymarket,0x62c3a01373b62d830717d5fedf3289662ea3971f3b1a6ab7c6aeef019b92debd,btc-updown-5m-1772323200,81715960876792788422527758885904722229420166075410575388978430362938033123768,Down,0.49,341.8,0.5,503.24
1772323189029000,1772323189043821,polymarket,0x62c3a01373b62d830717d5fedf3289662ea3971f3b1a6ab7c6aeef019b92debd,btc-updown-5m-1772323200,81715960876792788422527758885904722229420166075410575388978430362938033123768,Down,0.49,336.8,0.5,503.24
1772323192557000,1772323192567772,polymarket,0x62c3a01373b62d830717d5fedf3289662ea3971f3b1a6ab7c6aeef019b92debd,btc-updown-5m-1772323200,81715960876792788422527758885904722229420166075410575388978430362938033123768,Down,0.49,331.8,0.5,503.24
1772323193043000,1772323193053639,polymarket,0x62c3a01373b62d830717d5fedf3289662ea3971f3b1a6ab7c6aeef019b92debd,btc-updown-5m-1772323200,81715960876792788422527758885904722229420166075410575388978430362938033123768,Down,0.49,292.59,0.5,503.24
1772323193104000,1772323193114252,polymarket,0x62c3a01373b62d830717d5fedf3289662ea3971f3b1a6ab7c6aeef019b92debd,btc-updown-5m-1772323200,81715960876792788422527758885904722229420166075410575388978430362938033123768,Down,0.49,288.66,0.5,503.24
1772323193679000,1772323193691119,polymarket,0x62c3a01373b62d830717d5fedf3289662ea3971f3b1a6ab7c6aeef019b92debd,btc-updown-5m-1772323200,81715960876792788422527758885904722229420166075410575388978430362938033123768,Down,0.49,288.66,0.5,487.24
1772323194066000,1772323194076800,polymarket,0x62c3a01373b62d830717d5fedf3289662ea3971f3b1a6ab7c6aeef019b92debd,btc-updown-5m-1772323200,81715960876792788422527758885904722229420166075410575388978430362938033123768,Down,0.49,283.66,0.5,487.24
1772323194301000,1772323194310313,polymarket,0x62c3a01373b62d830717d5fedf3289662ea3971f3b1a6ab7c6aeef019b92debd,btc-updown-5m-1772323200,81715960876792788422527758885904722229420166075410575388978430362938033123768,Down,0.49,296.25,0.5,487.24
1772323195754000,1772323195775164,polymarket,0x62c3a01373b62d830717d5fedf3289662ea3971f3b1a6ab7c6aeef019b92debd,btc-updown-5m-1772323200,81715960876792788422527758885904722229420166075410575388978430362938033123768,Down,0.49,296.25,0.5,467.24
1772323195798000,1772323195813386,polymarket,0x62c3a01373b62d830717d5fedf3289662ea3971f3b1a6ab7c6aeef019b92debd,btc-updown-5m-1772323200,81715960876792788422527758885904722229420166075410575388978430362938033123768,Down,0.49,296.25,0.5,457.24
1772323195970000,1772323195980992,polymarket,0x62c3a01373b62d830717d5fedf3289662ea3971f3b1a6ab7c6aeef019b92debd,btc-updown-5m-1772323200,81715960876792788422527758885904722229420166075410575388978430362938033123768,Down,0.49,296.25,0.5,455.24
1772323196007000,1772323196026511,polymarket,0x62c3a01373b62d830717d5fedf3289662ea3971f3b1a6ab7c6aeef019b92debd,btc-updown-5m-1772323200,81715960876792788422527758885904722229420166075410575388978430362938033123768,Down,0.49,291.25,0.5,455.24
1772323196362000,1772323196374134,polymarket,0x62c3a01373b62d830717d5fedf3289662ea3971f3b1a6ab7c6aeef019b92debd,btc-updown-5m-1772323200,81715960876792788422527758885904722229420166075410575388978430362938033123768,Down,0.49,291.25,0.5,453.24
1772323196753000,1772323196764301,polymarket,0x62c3a01373b62d830717d5fedf3289662ea3971f3b1a6ab7c6aeef019b92debd,btc-updown-5m-1772323200,81715960876792788422527758885904722229420166075410575388978430362938033123768,Down,0.49,291.25,0.5,451.24
1772323196947000,1772323196955983,polymarket,0x62c3a01373b62d830717d5fedf3289662ea3971f3b1a6ab7c6aeef019b92debd,btc-updown-5m-1772323200,81715960876792788422527758885904722229420166075410575388978430362938033123768,Down,0.49,321.25,0.5,451.24
1772323197000000,1772323197010400,polymarket,0x62c3a01373b62d830717d5fedf3289662ea3971f3b1a6ab7c6aeef019b92debd,btc-updown-5m-1772323200,81715960876792788422527758885904722229420166075410575388978430362938033123768,Down,0.49,291.25,0.5,451.24
1772323197130000,1772323197140067,polymarket,0x62c3a01373b62d830717d5fedf3289662ea3971f3b1a6ab7c6aeef019b92debd,btc-updown-5m-1772323200,81715960876792788422527758885904722229420166075410575388978430362938033123768,Down,0.49,291.25,0.5,449.24
1772323197410000,1772323197421216,polymarket,0x62c3a01373b62d830717d5fedf3289662ea3971f3b1a6ab7c6aeef019b92debd,btc-updown-5m-1772323200,81715960876792788422527758885904722229420166075410575388978430362938033123768,Down,0.49,291.25,0.5,447.24
1772323197534000,1772323197545948,polymarket,0x62c3a01373b62d830717d5fedf3289662ea3971f3b1a6ab7c6aeef019b92debd,btc-updown-5m-1772323200,81715960876792788422527758885904722229420166075410575388978430362938033123768,Down,0.49,291.25,0.5,445.24
1772323198005000,1772323198033132,polymarket,0x62c3a01373b62d830717d5fedf3289662ea3971f3b1a6ab7c6aeef019b92debd,btc-updown-5m-1772323200,81715960876792788422527758885904722229420166075410575388978430362938033123768,Down,0.49,272.25,0.5,445.24
1772323199203000,1772323199271160,polymarket,0x62c3a01373b62d830717d5fedf3289662ea3971f3b1a6ab7c6aeef019b92debd,btc-updown-5m-1772323200,81715960876792788422527758885904722229420166075410575388978430362938033123768,Down,0.49,83.25,0.5,445.24
1772323199561000,1772323199573565,polymarket,0x62c3a01373b62d830717d5fedf3289662ea3971f3b1a6ab7c6aeef019b92debd,btc-updown-5m-1772323200,81715960876792788422527758885904722229420166075410575388978430362938033123768,Down,0.49,83.25,0.5,451.24
1772323199605000,1772323199616034,polymarket,0x62c3a01373b62d830717d5fedf3289662ea3971f3b1a6ab7c6aeef019b92debd,btc-updown-5m-1772323200,81715960876792788422527758885904722229420166075410575388978430362938033123768,Down,0.49,83.25,0.5,443.14
1772323199791000,1772323199802981,polymarket,0x62c3a01373b62d830717d5fedf3289662ea3971f3b1a6ab7c6aeef019b92debd,btc-updown-5m-1772323200,81715960876792788422527758885904722229420166075410575388978430362938033123768,Down,0.49,83.25,0.5,440.28
